Column1,Column2,Column3
90,774,655
439,434,859
86,698,202
95,527,976
736,762,718
787,514,129
840,451,501
371,183,927
782,644,403
823,546,444
451,228,93
555,888,64
859,828,277
632,166,759
701,355,68
971,446,894
678,779,760
195,364,467
498,44,547
155,744,684
923,745,367
968,411,326
906,371,77
470,796,190
463,130,687
476,331,227
565,670,941
438,161,833
630,701,98
313,768,833
436,805,842
388,899,289
240,683,637
140,833,200
805,8,797
787,781,665
472,706,278
781,556,459
506,569,38
140,246,115
440,669,655
472,856,566
80,765,575
635,566,554
91,560,795
304,603,31
348,437,983
215,277,409
993,854,35
234,822,59
856,282,918
294,435,662
127,558,506
784,997,665
410,407,418
815,322,167
335,23,107
91,772,723
697,462,718
162,901,502
939,153,498
697,496,447
167,382,239
302,684,631
608,362,960
88,343,119
339,962,367
909,496,700
458,266,765
970,264,779
262,717,790
450,737,273
80,97,448
903,128,456
705,203,722
306,809,580
547,177,464
857,20,759
493,720,664
433,309,628
141,585,95
650,629,85
758,416,787
42,180,494
189,330,661
145,678,104
176,588,794
171,300,926
990,582,448
347,613,591
295,23,152
959,419,483
468,783,65
83,276,487
672,491,442
938,162,572
543,474,808
267,954,332
546,521,850
439,285,22
364,827,10
897,543,141
303,555,316
109,666,673
119,282,244
660,731,727
939,769,321
108,615,917
976,231,237
38,142,555
547,371,310
830,461,809
964,318,203
953,635,291
622,516,906
256,992,937
181,165,534
45,299,436
970,993,152
892,91,749
846,891,224
894,116,519
470,316,23
773,336,662
411,374,887
95,737,747
380,263,6
937,948,241
32,123,68
832,892,154
747,180,368
600,720,875
45,197,281
311,999,778
321,972,500
501,434,144
935,14,175
230,280,132
18,678,970
122,297,507
928,695,767
582,418,200
865,805,26
716,85,739
826,132,434
124,568,928
81,398,974
301,133,489
509,663,314
956,522,287
961,925,500
25,597,556
149,634,841
106,724,141
749,420,7
967,166,597
182,934,739
805,433,468
635,785,847
18,664,110
288,830,251
797,464,233
335,531,766
607,934,868
754,604,290
413,119,375
927,426,114
652,963,868
275,454,532
248,269,237
995,747,841
817,960,106
882,67,476
595,358,147
193,825,319
311,924,144
916,921,599
166,156,285
578,154,456
116,541,22
710,56,195
175,831,54
430,592,516
681,804,394
829,318,985
505,737,876
793,852,537
44,494,182
890,237,229
250,643,572
949,417,283
50,8,374
926,524,894
102,94,834
107,52,405
925,690,100
838,844,801
903,240,980
321,803,580
780,628,643
617,779,740
135,827,537
324,515,967
858,834,463
785,386,687
640,250,267
62,140,434
478,166,417
605,233,339
368,506,367
737,328,434
380,183,686
236,297,793
949,671,917
855,481,771
329,461,536
961,849,490
653,203,805
554,533,767
633,73,289
177,735,36
203,598,695
504,861,919
133,953,615
637,96,622
726,581,85
524,936,724
138,960,959
170,801,407
594,446,783
997,796,932
947,91,254
722,591,51
96,521,617
168,172,130
565,8,573
476,466,680
523,728,764
921,800,518
493,236,600
140,932,846
120,786,118
722,88,489
658,729,419
922,775,209
672,731,334
739,899,818
763,635,271
796,365,533
315,314,158
962,148,87
937,556,438
738,384,128
730,176,553
950,937,361
781,613,480
140,377,652
987,5,718
847,952,424
119,271,851
878,638,123
122,479,589
33,687,545
13,96,455
723,826,432
296,969,459
316,443,13
302,516,919
739,782,545
111,391,998
45,880,685
284,778,837
44,107,666
1000,24,666
137,651,624
91,681,898
864,29,246
241,454,144
855,777,809
199,15,911
289,657,910
37,6,6
157,52,820
606,981,802
964,239,288
850,245,58
670,801,969
928,121,773
847,699,820
838,447,41
457,202,114
125,698,505
540,746,549
631,87,852
449,156,814
735,54,194
16,271,100
710,523,981
750,612,510
55,71,617
5,43,220
885,459,710
412,174,372
92,771,184
377,981,592
459,544,785
255,637,873
573,447,146
249,947,542
302,419,579
538,700,258
650,443,941
158,149,462
509,691,405
914,475,130
120,974,135
948,279,94
305,615,428
786,611,401
635,972,412
154,409,841
218,950,589
602,318,921
37,299,419
478,475,148
226,96,573
351,566,590
703,548,648
588,653,617
317,247,788
343,550,197
432,530,627
527,361,962
513,809,737
559,887,129
922,851,504
734,521,269
800,246,315
520,838,384
495,42,116
56,73,869
842,822,56
78,281,566
335,488,173
731,314,67
743,903,15
437,828,707
857,416,373
710,154,240
601,669,120
509,365,502
959,77,996
450,773,425
311,771,688
145,706,754
388,926,641
334,11,675
210,757,526
467,164,712
166,418,837
921,990,959
556,201,840
802,991,651
142,503,449
843,393,329
81,836,756
42,434,480
470,919,151
307,181,245
908,941,45
633,233,193
293,195,491
996,587,724
494,14,85
269,244,841
844,855,638
557,650,407
671,795,763
614,59,725
367,744,540
882,339,932
845,332,483
532,769,690
853,370,505
431,910,305
588,121,851
385,341,583
499,848,532
517,105,22
399,999,918
629,631,392
178,9,339
317,192,260
25,608,928
691,449,421
308,143,599
567,8,416
279,171,704
526,634,714
982,803,621
880,478,985
762,651,904
516,721,285
964,624,783
461,867,75
115,508,733
810,441,650
554,962,655
417,970,108
985,155,289
822,734,971
750,638,347
5,124,298
41,509,778
964,490,876
986,860,465
326,978,242
412,75,794
650,85,222
556,541,803
267,925,445
823,239,37
56,373,954
49,369,110
932,676,763
714,658,774
9,866,740
740,394,801
382,49,908
235,102,622
234,859,444
5,952,515
263,678,531
30,760,402
700,896,611
672,255,238
416,853,525
349,780,854
903,299,710
591,449,397
115,275,550
887,867,188
680,85,676
342,450,718
425,808,534
999,639,297
776,408,535
137,120,575
187,998,856
701,735,596
61,393,496
916,220,497
345,135,104
366,83,68
351,202,555
18,302,454
964,635,881
344,450,421
888,960,963
752,504,541
981,285,347
897,387,236
561,326,891
910,307,530
984,743,216
591,620,654
26,300,855
242,300,323
178,156,348
875,2,284
61,562,251
792,586,784
635,439,861
477,950,995
590,675,256
815,672,903
268,788,471
186,172,563
320,102,428
653,319,956
780,513,935
433,140,36
939,960,740
104,294,42
52,247,573
66,985,456
264,517,791
313,48,51
852,112,636
385,778,61
898,699,450
208,978,303
491,395,231
417,152,2
290,113,415
863,163,2
112,509,275
490,30,334
411,432,552
781,468,842
530,261,230
323,598,243
915,480,864
684,334,229
744,331,247
931,483,49
495,461,864
712,192,151
604,48,320
139,21,919
90,10,933
189,817,32
154,111,707
621,476,242
89,570,231
591,688,850
494,5,281
854,534,620
458,163,897
773,996,856
292,255,249
919,557,455
969,604,910
985,80,362
735,814,149
319,549,800
113,601,297
217,516,415
636,318,824
79,862,30
736,347,384
20,703,166
660,726,846
709,302,739
826,318,125
891,148,594
237,127,777
144,671,694
61,173,795
508,122,992
265,5,925
17,554,994
578,585,389
127,573,898
92,881,416
537,166,622
183,274,722
51,448,595
133,295,344
664,977,837
190,19,52
596,157,232
848,874,840
254,620,611
186,554,526
397,752,678
533,726,764
567,268,759
718,984,150
420,925,515
943,13,36
797,359,521
429,408,940
95,773,890
658,396,161
683,469,150
360,962,266
179,682,200
920,859,984
913,244,213
343,470,880
734,645,879
646,380,414
518,89,742
653,732,534
783,950,570
445,105,779
904,700,866
862,799,503
100,4,205
432,744,456
24,211,980
989,378,805
720,932,888
629,395,627
320,349,609
572,581,385
410,11,602
576,936,505
468,68,197
339,378,363
395,769,132
333,163,308
685,47,340
24,955,728
244,199,99
473,754,585
882,344,279
479,203,976
186,479,523
58,469,455
260,128,46
9,482,90
960,245,653
674,496,884
111,235,253
136,295,313
765,302,877
773,902,106
985,614,983
355,953,589
72,411,138
942,305,223
553,426,97
817,846,743
617,403,543
521,166,82
254,455,161
107,852,375
585,525,736
740,297,848
372,836,405
111,761,31
773,44,207
604,942,409
121,233,897
727,101,385
265,178,847
618,180,651
414,62,450
186,246,879
711,135,852
575,875,748
340,535,531
720,249,334
245,297,162
37,941,75
888,4,778
329,518,283
491,452,530
394,537,826
435,362,132
360,126,183
953,90,483
835,954,147
164,373,555
960,208,165
254,875,31
381,119,158
917,2,322
916,609,72
466,971,401
529,532,661
188,840,989
143,819,817
742,371,469
840,153,829
921,682,342
560,51,932
343,58,795
658,623,55
751,638,794
828,212,211
924,532,438
288,640,754
3,553,994
281,281,879
63,398,459
798,130,435
153,788,633
497,393,154
922,648,320
414,727,720
462,303,660
659,600,73
473,614,951
526,343,556
178,91,679
987,847,584
41,988,450
290,893,747
750,278,992
453,532,751
660,173,303
362,948,715
367,735,739
395,404,895
562,150,720
590,509,726
908,331,420
190,648,403
343,697,409
465,441,259
126,828,92
325,668,132
656,734,663
306,20,888
327,806,198
163,779,940
861,752,247
914,668,173
130,872,276
766,139,281
284,282,675
915,911,742
203,961,543
546,702,770
953,583,611
746,256,308
626,65,321
718,977,520
400,441,686
545,24,540
401,701,876
963,611,363
444,177,936
848,854,329
323,857,545
705,490,443
633,813,335
810,245,403
913,955,924
317,844,937
979,21,745
997,765,234
763,106,481
627,457,700
241,607,645
634,290,306
258,462,586
363,410,287
219,658,817
291,861,571
168,366,8
40,337,455
798,135,840
235,139,700
775,605,116
116,391,451
999,287,193
946,154,27
423,402,620
878,933,290
981,633,70
939,138,589
791,250,271
477,885,224
664,453,112
711,833,576
177,156,424
507,553,244
501,296,687
797,653,2
993,24,1000
32,517,106
96,684,728
119,977,321
319,297,462
178,425,210
52,369,673
764,354,324
788,682,833
907,822,937
417,395,322
236,749,715
802,168,492
222,894,268
144,570,880
916,97,326
154,308,534
281,68,511
53,227,1
87,437,851
775,99,35
339,653,747
824,343,169
27,147,66
861,269,824
554,539,455
820,44,93
424,395,546
738,588,258
328,753,202
505,539,751
715,465,310
368,412,220
626,209,649
752,962,119
760,86,338
177,163,176
44,824,62
399,700,991
854,138,988
654,180,449
918,393,184
876,953,976
956,873,455
193,618,221
474,657,947
290,252,735
7,567,746
551,384,829
372,711,465
27,531,50
931,602,373
487,620,261
289,419,259
758,104,827
349,562,158
386,755,271
133,522,163
315,451,565
640,677,845
67,363,2
10,213,599
895,774,647
779,172,840
891,96,470
831,477,841
936,475,60
341,216,475
586,464,196
302,680,27
215,893,100
415,207,105
423,522,177
78,135,652
861,181,321
344,361,245
56,526,358
343,265,930
611,419,206
802,889,33
930,700,100
754,108,51
116,460,620
408,122,200
853,963,755
104,820,692
527,144,997
443,45,210
402,63,324
469,949,87
577,916,807
925,171,802
979,327,499
531,494,290
971,957,381
806,398,795
585,471,129
655,322,217
194,982,104
799,867,32
590,578,359
667,409,440
432,801,634
380,927,803
933,731,392
773,330,271
452,970,568
384,462,292
659,351,555
370,321,971
346,71,379
533,95,306
167,501,724
969,390,864
215,781,563
759,756,533
258,527,827
971,928,182
598,105,669
993,53,657
946,848,393
104,924,922
579,979,5
617,39,936
681,914,563
84,27,336
744,152,853
240,497,204
466,453,6
568,787,937
331,881,879
989,374,851
566,59,271
673,161,435
775,150,497
215,537,241
966,77,964
792,856,852
188,932,595
963,879,580
375,118,102
390,811,506
482,245,565
639,983,730
608,911,425
935,370,128
418,129,119
882,795,222
838,69,285
707,304,731
875,67,24
941,521,507
464,434,691
580,164,627
669,114,377
791,619,137
41,582,462
962,523,932
215,448,140
575,189,493
345,186,97
513,948,199
405,225,809
415,975,246
81,583,652
991,872,885
635,360,430
134,432,365
36,205,535
370,994,479
959,661,41
204,706,546
302,523,903
389,46,311
936,762,838
912,118,283
60,5,835
937,156,723
535,70,916
872,568,708
398,793,446
990,64,173
969,289,311
792,190,514
287,198,965
200,95,674
868,128,708
541,831,127
976,620,843
362,944,627
127,923,796
301,546,389
544,966,899
216,972,438
705,765,483
457,457,863
387,280,362
195,392,115
90,724,78
569,780,725
447,194,931
836,613,87
36,316,158
861,206,283
976,819,219
384,516,665
937,872,978
41,237,564
50,356,154
933,64,149
196,149,569
365,913,261
538,661,626
797,202,508
801,864,618
652,865,625
949,128,348
113,91,472
226,408,438
621,946,850
379,326,771
124,541,424
183,617,321
186,654,175
673,163,435
808,229,768
722,903,169
716,937,764
188,823,108
589,498,532
520,32,509
937,437,277
995,99,487
513,478,922
422,974,67
734,593,241
228,720,638
612,51,598
982,18,470
495,897,283
476,718,61
802,823,720
649,748,782
904,429,457
638,194,857
771,632,302
348,435,663
779,672,930
961,705,371
600,426,630
813,370,506
46,737,490
460,533,216
598,746,350
132,387,199
374,627,114
748,225,895
733,273,564
111,100,957
803,155,283
198,396,292
329,530,190
883,728,761
170,709,837
176,752,358
788,479,803
148,390,274
249,309,383
128,708,551
830,706,150
70,423,482
241,783,582
748,110,816
207,449,440
821,277,241
340,361,182
177,232,468
344,393,720
241,910,752
175,314,184
273,366,131
15,439,701
303,861,370
901,236,540
764,60,931
365,498,629
643,24,868
624,999,472
614,442,890
833,909,505
792,359,461
761,82,711
16,581,478
469,495,492
408,452,569
764,553,643
837,990,109
713,226,197
794,69,848
771,995,668
873,119,890
161,315,129
402,749,269
823,607,629
939,432,345
995,558,615
297,216,170
224,196,747
58,630,950
766,403,60
835,4,682
671,192,740
176,226,812
980,265,922
914,770,141
300,678,1000
815,421,236
961,277,343
965,562,265
6,430,987
433,700,254
776,776,609
772,579,379
738,836,842
214,677,5
572,572,364
995,883,39
209,208,898
519,729,810
768,90,141
396,339,748
157,372,237
189,173,196
565,411,436
480,742,862
527,643,739
691,135,983
165,412,653
404,244,924
72,246,993
730,87,755
970,98,415
469,132,201
174,186,404
464,238,290
193,797,212
908,539,803
637,267,602
275,119,255
276,136,24
944,514,403
930,225,403
847,633,400
256,36,86
162,787,640
434,783,161
211,393,918
615,851,249
849,73,228
524,51,859
868,542,306
99,619,538
760,603,129
122,781,160
939,106,729
976,442,57
877,188,528
985,745,47
821,162,750
621,288,424
118,987,239
309,503,673
506,506,583
858,396,833
787,962,914
799,247,775
737,290,678
253,524,797
189,337,796
454,961,8
722,815,918
157,985,393
353,356,639
660,474,72
987,223,94
598,413,616
876,98,285
517,788,601
383,611,980
481,884,780
302,250,771
208,337,236
607,295,659
935,830,948
25,456,221
918,712,321
564,606,496
475,56,453
349,819,866
751,31,842
397,417,946
868,51,360
750,539,258
525,867,224
747,735,886
298,216,548
532,410,780
800,246,796
231,408,28
341,959,443
711,108,636
372,744,929
532,103,477
124,450,62
641,311,202
18,889,838
812,59,350
972,579,129
142,264,973
170,903,679
922,827,333
828,170,291
212,134,91
188,121,381
72,62,990
88,75,31
133,528,828
735,581,86
775,38,631
410,883,308
639,440,523
939,713,415
448,705,347
168,468,69
170,421,797
782,261,422
154,756,247
800,843,690
331,953,687
646,857,882
78,882,766
207,308,753
217,453,689
651,910,112
296,985,569
249,290,340
555,285,622
446,611,156
624,925,136
328,694,618
675,560,683
610,75,752
447,52,410
436,87,997
223,331,441
833,743,771
238,846,830
464,546,38
761,961,473
541,500,83
620,722,928
930,492,959
529,643,602
999,738,121
72,410,516
669,482,515
922,335,494
558,469,969
963,514,451
589,181,426
217,145,96
588,1,647
432,367,770
539,734,710
33,216,570
976,155,106
942,967,168
402,627,196
327,396,642
309,413,290
760,154,231
250,906,945
501,157,757
493,850,360
999,808,224
726,287,350
251,683,263
639,583,751
994,9,991
110,527,341
640,722,860
402,933,323
204,380,529
669,833,225
304,939,440
242,986,449
986,920,907
582,799,961
270,38,321
637,548,81
561,175,506
576,637,413
409,679,750
808,334,425
331,528,128
431,189,533
851,986,447
57,228,105
760,985,554
177,22,977
317,113,178
256,656,892
276,688,65
11,55,924
582,806,22
23,849,103
156,519,607
229,445,675
443,383,72
452,803,627
894,127,12
549,179,594
904,338,550
682,151,898
203,809,660
141,725,197
600,960,954
872,495,560
301,921,478
772,360,741
225,734,46
105,353,483
712,360,19
326,440,544
645,248,611
632,777,523
811,222,712
46,103,865
476,621,604
695,246,179
43,865,224
576,455,163
414,84,177
140,825,568
926,436,202
609,930,533
18,304,925
519,952,510
13,874,764
716,971,197
906,233,971
192,551,790
79,67,850
61,614,939
615,482,418
639,572,502
154,663,740
709,76,703
730,184,849
524,473,723
510,545,313
928,970,131
734,24,369
970,175,377
220,729,464
594,943,522
735,98,216
947,860,657
379,200,852
786,242,590
619,478,927
125,258,96
693,645,988
543,151,451
89,671,675
858,340,311
72,416,476
755,754,141
286,512,336
26,846,732
521,318,843
36,447,801
953,252,651
190,116,354
886,690,490
283,142,271
153,188,688
133,48,543
287,455,140
210,442,691
415,542,522
269,280,426
33,686,615
307,374,329
652,760,109
414,14,453
249,336,457
324,395,765
811,6,378
847,531,206
594,145,22
633,516,757
345,855,422
739,101,98
783,834,943
325,23,980
602,248,764
904,285,770
788,502,633
270,930,984
982,738,43
367,445,960
547,537,147
794,337,92
988,191,17
78,453,103
843,513,324
4,480,152
979,292,475
19,131,208
52,726,946
986,266,789
505,46,91
548,424,9
931,731,503
987,972,974
259,881,505
727,860,164
449,129,280
414,856,863
390,330,531
912,977,227
187,707,302
200,32,404
392,564,201
715,681,463
182,507,675
373,264,507
356,401,349
304,717,461
467,654,362
102,853,56
572,266,214
42,901,430
343,742,39
565,495,554
124,953,239
679,748,344
131,297,807
907,937,227
607,152,711
416,714,686
993,489,342
527,163,112
520,826,534
782,178,450
614,348,15
74,928,606
265,259,40
945,109,760
241,336,274
825,33,353
280,273,193
913,379,419
386,981,340
342,328,327
90,605,26
226,203,292
757,600,991
352,929,45
505,799,532
934,315,34
774,69,765
734,845,479
896,170,435
122,767,715
807,765,309
69,930,493
95,928,995
446,771,37
94,277,657
134,35,669
771,740,800
803,603,520
857,349,98
752,276,979
415,852,43
660,449,463
266,972,393
851,426,49
880,186,271
862,894,917
426,757,328
741,503,52
418,468,258
375,503,50
152,767,352
609,566,552
414,484,824
966,257,670
970,8,785
497,968,579
839,167,143
927,527,559
170,227,819
304,585,317
264,167,930
941,116,354
564,384,722
261,59,337
598,181,816
13,68,509
513,295,259
70,663,380
119,400,938
262,895,259
186,261,324
121,588,334
719,491,443
471,157,713
105,722,1000
764,456,315
873,258,483
771,923,921
88,899,115
585,930,655
948,345,315
327,356,683
453,738,417
308,191,552
899,859,254
478,706,613
68,592,39
117,654,103
340,589,656
446,95,800
950,889,749
403,877,489
137,851,321
939,369,870
538,468,297
836,61,469
369,544,255
665,386,189
197,697,262
308,627,330
389,245,346
693,534,998
772,17,379
290,588,266
967,300,522
123,910,912
794,352,59
711,430,991
699,539,987
801,459,19
93,444,563
31,127,705
752,30,508
81,724,835
870,599,629
927,613,447
755,591,843
525,870,45
37,100,557
709,217,156
861,751,649
489,421,21
189,897,340
705,704,310
205,692,94
495,889,712
765,84,200
276,293,195
973,165,709
587,611,215
308,607,300
695,40,73
729,617,44
900,5,956
730,989,949
314,757,211
472,241,487
873,437,93
325,787,522
561,432,293
599,634,899
618,996,827
79,393,385
4,181,763
353,148,288
275,175,102
765,825,497
616,920,843
33,953,67
27,404,746
81,293,263
398,987,332
209,123,199
134,574,421
498,833,581
156,377,313
827,308,139
737,429,96
690,211,869
833,370,556
568,654,70
325,171,698
70,517,728
949,289,8
724,2,67
991,863,708
836,76,89
301,24,889
57,545,854
735,235,471
549,768,427
286,796,887
489,29,501
890,990,402
151,573,831
946,52,291
478,99,887
113,666,919
686,764,264
828,419,62
367,350,522
265,463,428
327,697,306
766,251,865
366,41,150
807,873,212
603,575,134
452,694,968
848,98,238
437,151,571
9,114,48
296,763,178
988,270,45
336,749,107
72,850,593
344,757,845
360,562,11
307,596,198
992,972,258
397,190,504
124,391,556
612,597,222
793,692,754
468,893,390
806,204,248
527,556,747
298,873,330
535,932,540
682,909,975
500,417,197
538,919,488
349,108,390
237,977,528
137,68,851
932,764,124
99,198,752
766,838,97
154,901,929
726,107,69
56,692,846
632,263,758
60,829,892
719,880,587
469,323,922
698,191,957
60,588,191
665,413,438
672,757,381
998,499,161
7,203,692
540,338,482
839,572,59
50,483,405
851,583,757
586,346,658
622,721,190
642,286,791
799,625,947
538,26,607
778,102,105
274,845,528
977,873,555
680,332,91
399,593,183
222,15,735
900,828,380
594,961,592
296,339,728
447,838,865
36,724,370
520,265,369
331,51,783
144,376,194
161,374,919
945,382,506
986,235,945
106,226,339
38,816,856
384,837,773
802,803,574
111,924,609
902,960,188
403,193,51
967,924,932
884,649,523
992,553,643
212,747,820
679,499,198
34,628,684
773,951,498
830,717,278
846,54,599
941,659,938
57,533,781
643,881,463
683,420,873
120,255,97
703,233,318
837,361,146
21,227,915
549,995,216
352,164,399
564,809,369
772,627,292
913,435,151
963,914,50
903,948,830
255,632,539
621,617,640
515,691,527
17,36,959
910,586,175
782,144,378
330,13,808
510,317,508
1,437,520
340,831,250
138,528,888
376,47,970
445,173,616
320,938,294
551,544,243
500,110,644
759,951,326
286,549,693
993,26,239
263,256,464
873,31,816
618,616,679
116,747,249
517,677,604
324,397,477
42,727,100
459,655,81
996,378,16
659,558,641
752,476,827
371,546,159
620,262,697
802,859,930
123,138,927
381,27,287
837,355,77
723,195,353
4,602,446
868,335,205
166,201,452
88,403,855
768,638,894
781,653,864
125,819,296
734,914,497
89,371,407
937,943,569
951,437,412
837,668,523
457,706,754
491,32,102
145,463,615
804,233,787
667,52,352
303,887,922
820,529,493
312,773,87
272,136,495
300,198,377
861,559,824
914,903,352
878,910,960
352,229,585
932,901,572
150,423,715
561,346,343
60,289,670
242,994,83
589,497,834
888,544,631
699,521,185
429,242,465
616,210,250
823,378,199
714,717,827
760,992,575
287,863,265
292,829,882
340,730,923
799,5,665
170,847,68
994,178,421
235,814,394
745,68,453
912,927,209
395,410,566
538,106,763
226,315,841
690,397,913
395,566,246
184,492,564
806,391,896
608,71,740
575,390,468
302,615,567
448,286,399
498,472,310
582,227,501
122,473,784
818,695,746
66,342,655
801,583,854
274,154,87
583,666,286
784,740,361
239,743,672
171,256,486
512,166,949
389,382,61
876,236,987
497,875,180
166,802,820
544,33,944
394,936,871
852,689,674
533,25,388
731,813,560
710,22,469
508,893,312
230,353,171
559,643,802
972,74,248
301,250,828
140,30,861
962,227,333
504,526,991
405,13,423
557,517,513
923,808,252
356,668,411
429,168,255
741,843,785
308,137,160
394,518,893
899,3,708
299,198,556
34,335,553
273,594,461
800,182,58
530,257,707
94,576,990
94,302,845
534,175,214
765,861,361
474,783,177
207,775,187
771,498,991
33,946,226
36,725,533
838,109,81
568,883,406
798,907,870
509,699,526
675,568,526
437,653,752
920,614,101
588,316,27
73,592,945
506,446,89
676,56,842
817,992,285
162,300,800
219,888,155
49,220,755
603,355,657
649,555,515
102,260,528
136,476,117
788,104,93
638,221,352
315,217,762
692,239,687
714,540,579
935,454,386
540,836,710
76,460,740
224,989,809
847,82,580
528,627,851
354,534,680
754,771,337
999,10,493
609,62,452
596,608,120
278,245,640
329,572,732
798,184,904
166,22,45
202,874,208
694,419,40
445,29,477
559,522,283
767,597,255
435,109,924
754,288,675
680,610,55
879,956,975
981,929,740
57,466,246
220,831,813
523,737,130
222,861,452
547,463,203
827,759,684
354,644,954
650,495,271
523,372,612
46,191,787
381,433,544
439,759,246
759,210,371
588,886,233
588,65,76
768,719,377
623,381,278
432,312,816
412,321,537
759,274,940
464,661,958
432,200,748
7,458,980
415,685,526
215,318,524
105,415,415
835,124,843
411,652,557
300,931,225
37,751,622
891,458,17
21,434,250
923,119,881
217,120,275
145,402,331
530,538,1
125,162,195
94,315,550
309,330,470
549,331,222
410,25,493
942,398,109
708,127,194
147,884,982
570,618,646
611,545,987
734,89,392
975,404,205
869,624,563
421,125,384
438,932,308
150,428,998
483,380,667
649,300,968
593,58,408
923,394,568
613,705,873
150,517,534
153,674,119
457,331,155
823,245,256
855,878,35
278,709,779
1000,555,8
874,162,121
675,604,60
170,590,256
685,412,589
475,366,343
698,515,595
578,208,914
564,719,882
925,667,788
472,738,322
712,86,915
245,657,12
156,987,834
223,131,815
991,169,664
284,745,419
126,325,539
799,22,958
650,876,931
154,94,777
188,148,469
914,796,518
197,337,689
158,525,12
326,248,682
915,147,798
656,970,912
101,744,593
114,258,927
543,339,321
838,284,159
574,993,184
256,470,200
651,254,129
262,931,935
506,401,820
195,654,681
711,218,717
612,876,175
614,830,279
744,100,719
607,193,67
746,242,498
61,964,549
932,161,206
611,605,791
929,822,141
310,914,549
868,564,50
473,825,656
133,211,855
980,753,99
620,830,641
595,468,245
281,746,70
85,397,775
658,590,535
111,332,80
759,751,259
293,318,890
489,763,449
699,529,279
877,709,770
949,249,92
583,327,436
235,399,394
351,743,593
475,113,571
176,315,415
142,390,267
850,860,5
603,641,378
470,790,378
65,373,254
383,231,150
986,129,707
718,618,912
5,302,185
577,636,898
380,236,925
673,765,445
448,390,750
211,976,176
461,315,643
681,919,790
249,207,887
488,98,825
649,26,783
608,615,865
496,462,618
198,152,844
216,505,270
231,598,803
442,139,245
165,883,320
374,72,447
914,410,652
182,143,732
66,449,317
17,532,965
70,816,540
724,97,870
12,907,658
338,8,611
88,609,774
268,239,222
225,114,250
660,303,781
820,761,540
317,930,206
465,454,746
547,800,920
391,875,170
917,178,851
391,965,130
466,902,48
266,84,322
391,619,258
159,170,939
954,222,196
55,960,707
761,291,641
60,677,580
332,711,647
439,187,24
938,282,302
682,256,376
712,596,657
5,452,476
633,152,160
763,674,812
271,998,273
651,163,919
333,803,332
791,455,63
191,684,194
276,542,254
129,625,689
734,944,125
427,234,902
540,99,693
43,275,722
507,762,572
844,563,57
72,777,39
377,17,304
596,174,467
997,71,64
272,828,406
640,34,736
68,712,148
859,297,184
337,1,166
599,301,354
808,124,396
187,483,332
47,71,853
57,783,917
466,313,777
983,121,965
944,143,55
715,78,601
65,691,232
97,67,189
541,77,803
605,298,987
659,672,174
711,560,985
478,679,342
41,128,868
739,365,698
5,38,508
625,938,760
258,816,492
827,174,27
58,991,81
940,728,147
865,145,144
576,289,291
196,608,27
246,554,487
700,217,648
760,389,257
556,579,95
566,155,569
932,538,762
310,923,813
917,742,650
526,929,849
417,86,4
234,63,212
110,982,96
627,352,175
702,971,791
976,591,674
147,853,748
255,355,611
13,818,281
75,331,836
275,540,812
34,760,289
696,189,140
789,808,982
678,466,195
296,649,347
484,169,440
238,113,132
519,367,100
515,165,16
133,449,955
242,285,243
356,718,323
658,899,947
563,714,920
787,300,133
115,883,557
297,346,282
802,613,880
302,473,122
972,512,554
414,271,949
489,675,38
276,805,88
102,810,309
274,566,195
43,5,80
159,697,298
72,15,478
841,339,64
229,500,189
979,764,345
952,326,141
939,960,313
595,174,642
691,710,569
705,556,820
180,484,417
534,143,324
955,106,636
665,475,34
35,276,103
95,161,191
839,639,31
629,137,422
39,91,133
434,464,353
621,721,729
580,546,492
238,487,11
967,371,757
957,497,862
480,133,27
136,943,476
320,447,256
871,1000,85
719,336,48
923,62,206
26,472,600
321,72,117
934,806,937
531,547,786
617,437,292
486,64,193
738,869,102
97,86,792
312,327,13
973,435,798
708,142,802
551,605,201
847,932,407
93,849,888
507,580,224
68,945,483
275,694,27
80,243,451
367,188,352
334,525,563
884,807,293
903,521,188
341,742,822
375,158,192
104,699,503
452,672,829
796,138,590
883,774,330
393,891,33
526,117,895
39,24,329
201,496,300
357,565,561
935,481,565
678,175,667
862,319,179
347,276,586
864,597,126
315,690,331
587,695,330
648,399,136
373,442,3
893,528,37
868,856,13
164,364,508
726,425,612
11,659,916
527,455,298
955,34,287
139,867,483
923,666,557
518,203,563
686,966,549
939,945,523
440,143,269
880,139,398
699,241,975
650,29,248
741,864,927
852,75,730
111,77,692
479,648,852
69,528,835
441,524,498
908,50,878
817,813,413
516,369,252
876,506,724
101,789,659
998,134,541
512,539,55
474,300,618
233,436,621
65,787,716
58,65,851
284,861,500
343,274,660
110,403,346
155,353,529
678,87,873
879,692,925
428,822,728
563,180,558
902,985,449
248,748,76
152,562,991
329,444,323
441,8,595
597,316,265
762,188,48
41,882,365
102,879,149
337,21,680
700,757,264
329,939,822
38,692,813
560,640,1
31,36,159
991,635,783
296,938,199
903,31,21
79,792,258
452,472,790
349,7,387
289,731,752
92,794,71
620,390,302
484,311,794
967,816,440
504,448,794
553,469,410
376,553,689
433,807,827
430,910,174
933,295,565
284,443,341
706,82,839
904,563,548
700,200,750
219,677,306
747,792,209
618,499,295
589,993,3
957,856,530
611,370,130
572,817,232
718,749,759
341,393,417
855,901,415
970,571,386
1,612,645
969,719,30
568,743,497
430,810,612
682,465,279
520,960,603
708,125,988
245,972,446
919,892,756
917,610,849
173,71,544
810,766,528
521,610,869
842,110,596
381,800,506
992,433,680
109,933,154
379,838,968
485,485,49
979,17,27
474,4,165
628,706,299
796,608,229
713,593,813
155,231,304
342,889,733
545,541,886
447,226,137
331,654,471
422,481,975
998,162,115
245,852,460
864,647,554
282,345,148
520,281,293
40,800,940
499,537,926
512,623,429
515,522,712
605,504,76
905,889,185
294,974,322
813,786,861
17,483,566
838,225,307
180,762,999
141,234,308
890,446,282
323,599,388
141,821,423
257,729,746
156,74,46
766,626,793
627,402,590
723,399,916
900,801,993
391,115,485
746,780,389
293,446,804
61,329,230
806,470,87
262,45,476
998,568,870
743,883,312
952,239,439
682,287,265
131,5,502
987,221,441
936,773,5
501,144,248
247,613,199
252,226,357
657,400,328
518,616,16
891,917,603
575,695,441
366,353,160
842,321,285
965,507,622
246,278,729
451,148,836
403,669,342
561,776,886
208,673,915
643,144,190
203,107,754
966,517,599
774,416,473
590,305,62
568,823,74
217,263,805
505,535,646
277,714,31
114,816,659
177,439,52
672,756,279
351,237,390
273,248,431
860,763,298
943,211,911
310,541,204
763,318,873
83,503,159
889,418,675
880,536,58
221,213,915
909,477,891
247,680,392
241,251,420
340,212,335
129,970,380
108,576,884
360,846,611
740,297,37
346,925,791
785,879,374
323,926,572
298,279,878
54,62,738
2,172,991
426,728,488
91,185,762
95,595,349
371,953,606
616,351,382
686,39,238
601,624,93
788,543,238
752,991,424
284,300,593
48,484,25
39,431,746
884,88,245
422,575,988
685,539,61
81,154,661
332,241,671
816,440,882
735,717,868
184,759,958
993,579,755
889,853,898
833,382,731
411,802,811
935,589,476
166,639,567
515,677,852
149,432,723
820,779,800
856,962,609
249,564,710
101,757,545
937,212,907
449,574,661
580,904,168
730,975,221
256,476,725
959,796,795
442,646,212
464,189,28
857,805,511
15,91,112
718,204,251
862,877,764
310,580,201
858,85,745
512,758,451
159,752,632
465,373,344
482,262,283
279,13,928
237,166,152
989,477,327
404,89,314
249,804,59
426,791,834
513,223,337
223,663,293
631,656,940
371,962,401
681,662,818
470,793,356
492,500,705
619,79,810
759,105,962
661,85,492
837,280,933
419,227,357
525,689,928
195,961,528
128,927,350
621,699,14
222,687,325
10,24,827
154,101,563
119,654,545
649,492,779
645,416,16
274,132,16
274,207,77
313,507,179
274,21,51
158,453,667
789,630,617
936,256,799
937,568,841
138,879,565
222,62,720
431,311,391
992,428,79
280,146,686
801,841,633
769,418,628
107,539,558
32,549,723
368,545,287
271,130,328
804,936,636
625,614,476
424,621,785
414,566,471
286,291,79
440,713,686
986,40,761
796,437,283
358,683,863
643,515,653
71,609,43
960,890,509
375,733,638
706,516,237
74,284,529
425,507,278
938,367,847
391,444,604
264,220,380
805,145,438
673,707,435
82,16,470
811,29,888
676,9,344
221,950,555
325,279,564
6,258,166
621,670,468
141,371,843
204,164,112
817,120,582
1000,642,413
207,2,156
953,144,20
817,419,357
718,524,915
468,713,879
464,285,975
227,40,579
987,87,850
831,929,422
255,513,143
843,664,484
516,713,524
840,925,950
621,743,312
39,401,872
134,546,193
430,144,735
811,759,705
236,531,105
375,506,669
97,813,459
882,528,548
693,820,158
512,30,475
814,866,284
387,552,396
179,305,405
519,921,545
388,661,774
431,490,218
865,867,175
347,272,923
66,208,315
561,249,537
748,829,100
139,96,910
653,532,791
587,236,511
704,37,607
498,70,264
449,343,291
650,405,498
799,94,360
74,928,186
820,191,325
609,832,178
214,882,322
210,744,92
867,876,857
296,115,426
335,960,632
945,751,715
112,69,47
594,202,990
133,947,668
107,59,396
339,316,529
130,130,695
991,274,932
345,336,91
424,498,664
159,189,433
70,144,630
954,573,145
991,522,717
197,579,77
626,203,910
55,653,140
688,494,968
652,372,88
596,442,53
582,210,235
9,373,219
72,435,221
135,467,64
991,471,997
882,980,543
424,720,81
841,324,8
238,243,15
669,96,847
454,719,340
132,181,646
717,268,358
946,852,414
241,302,539
567,185,66
496,798,153
409,162,243
613,287,264
996,173,190
930,551,44
425,566,254
549,649,251
813,453,964
88,325,722
895,222,981
194,417,315
425,903,733
797,254,947
436,652,698
663,602,481
648,906,390
511,181,356
773,641,212
547,812,125
62,393,657
314,822,847
533,379,42
822,896,443
517,754,696
136,673,925
751,481,524
260,661,242
342,266,336
367,83,718
441,950,181
670,180,548
491,449,655
829,317,850
185,294,311
954,119,396
425,801,486
967,741,704
753,162,450
587,209,119
136,790,657
282,738,696
817,911,883
182,770,393
404,648,603
420,1000,175
97,30,815
407,438,650
436,574,59
157,933,451
168,370,335
275,294,730
107,310,468
541,881,924
298,540,23
618,153,74
672,179,478
101,746,765
575,836,437
187,152,220
201,324,215
592,149,622
335,687,513
906,440,296
590,659,440
560,471,306
314,908,676
96,963,713
51,728,590
916,490,519
315,322,618
828,891,771
610,501,340
768,319,268
868,590,355
866,963,318
522,484,702
952,549,799
596,888,405
386,423,997
612,153,41
519,806,480
561,799,517
909,638,732
782,627,51
428,142,511
144,510,344
21,125,504
79,856,759
710,173,796
635,391,1
529,796,34
53,383,512
475,427,256
60,32,99
691,786,436
78,416,986
250,492,538
330,439,472
474,718,581
54,7,411
908,37,72
680,451,231
208,666,524
639,281,527
861,317,397
164,639,33
249,714,20
990,405,399
537,640,460
885,963,201
707,301,996
254,296,715
790,129,556
346,612,557
986,934,654
680,899,184
726,773,128
882,700,348
485,490,919
970,807,653
105,915,134
167,70,948
494,236,81
412,724,995
553,608,836
902,280,992
520,931,118
98,885,673
176,895,103
683,206,71
807,848,106
94,615,29
747,916,752
231,191,681
62,538,449
745,203,763
700,239,357
67,450,261
114,560,568
86,186,83
679,339,72
192,976,256
685,469,182
308,15,747
335,500,153
825,219,567
873,714,604
889,177,964
557,410,256
745,977,691
33,470,733
398,773,708
68,558,172
487,385,807
869,462,537
627,656,636
784,982,829
135,477,462
509,529,719
422,264,458
855,312,21
977,196,603
801,275,341
281,150,153
187,459,531
16,847,676
71,843,31
561,466,503
957,928,280
580,960,729
888,435,284
511,817,929
686,707,512
320,423,498
816,556,794
28,757,508
999,472,479
128,807,702
863,93,212
877,43,509
405,940,857
897,290,588
701,968,8
978,356,129
616,782,130
41,897,934
157,905,910
998,217,579
995,903,605
198,85,260
66,196,75
763,590,518
810,411,403
207,445,175
590,998,534
300,689,821
472,251,714
188,998,318
351,727,13
203,126,392
554,180,345
773,940,15
628,26,521
880,799,233
259,784,820
281,4,445
620,444,935
814,788,21
854,756,397
590,825,907
551,42,619
681,59,818
202,891,551
323,59,18
742,378,841
231,921,942
102,647,940
324,68,876
475,28,841
679,71,259
19,955,25
796,512,583
812,895,128
18,125,683
569,84,235
538,731,344
950,993,767
455,878,728
520,444,833
558,183,1000
69,696,656
587,52,493
893,240,692
859,953,517
314,700,487
628,742,711
243,756,542
931,660,892
979,995,745
598,119,387
476,781,589
440,147,716
432,37,285
880,119,407
513,84,166
941,591,211
170,426,724
731,196,726
897,227,27
959,522,777
321,300,226
218,472,106
843,512,916
503,304,515
155,825,721
148,582,538
202,123,761
265,519,248
654,49,360
548,440,613
181,442,757
334,158,848
779,681,799
779,747,510
20,598,274
774,469,906
596,551,920
476,376,372
876,757,164
493,372,647
53,715,743
227,151,628
258,942,776
956,535,939
14,290,3
678,511,288
305,644,181
515,614,240
229,355,593
255,380,544
187,569,139
143,237,287
30,962,309
805,902,801
832,101,373
747,576,6
568,805,829
384,237,310
297,347,302
458,41,276
315,154,878
676,912,562
110,905,459
685,382,495
490,285,555
734,21,131
843,570,974
605,654,900
661,330,528
236,335,681
149,672,585
309,45,705
825,731,421
654,415,359
328,211,970
667,175,866
152,594,166
362,659,1000
992,896,236
94,906,924
279,20,648
77,41,938
496,113,655
370,537,899
238,647,829
424,971,449
460,885,636
869,791,713
242,399,865
617,281,328
776,179,113
766,289,766
534,998,525
868,851,212
997,746,108
7,272,17
358,997,479
24,494,220
857,91,771
446,19,674
456,772,619
788,461,8
131,459,398
795,412,861
188,385,757
125,322,752
589,779,516
860,878,975
123,592,115
229,301,647
432,865,299
618,764,981
246,734,85
544,414,959
774,928,851
411,734,31
558,48,725
967,682,840
235,994,551
675,771,640
318,612,654
858,482,502
504,115,91
21,667,419
866,703,142
101,367,921
49,188,30
414,990,684
494,145,356
525,275,706
981,206,253
127,726,462
284,220,71
477,684,236
2,474,676
345,251,155
747,862,770
519,725,397
25,368,704
648,991,998
243,10,275
877,814,99
161,564,661
983,756,212
38,634,554
922,576,502
304,87,877
827,163,704
365,438,849
843,191,308
822,917,80
834,490,591
76,681,678
663,791,947
850,745,982
675,673,543
770,72,506
426,913,73
644,185,884
852,236,872
497,972,730
35,203,404
212,133,979
870,435,216
182,916,332
13,398,455
624,339,924
644,987,368
652,366,700
746,322,938
858,895,218
718,107,106
974,153,865
431,304,74
676,722,468
810,324,552
287,583,137
477,550,557
447,644,513
284,216,648
939,754,639
922,900,507
110,635,623
278,850,870
331,477,196
179,266,366
273,152,448
624,326,534
272,704,649
961,54,854
341,67,690
172,176,980
221,548,201
124,1,17
474,435,39
350,273,572
995,692,919
193,216,751
311,849,464
201,845,551
803,453,127
682,125,664
417,792,871
408,883,111
108,994,575
451,156,289
687,822,917
408,455,164
84,438,580
105,409,642
811,939,341
392,875,694
274,686,158
450,307,993
35,857,282
37,661,679
143,39,112
409,133,704
78,789,875
717,945,940
47,342,761
340,738,775
997,330,348
25,286,281
454,422,857
774,729,6
472,730,245
425,728,795
855,430,400
383,669,420
401,169,479
238,525,889
776,479,978
981,445,764
343,879,374
259,134,843
297,814,87
501,428,439
168,74,347
471,794,463
246,263,612
436,902,440
567,64,194
851,345,422
591,58,507
347,149,419
447,187,544
747,268,967
613,774,71
768,337,711
805,251,260
60,606,775
411,161,317
403,917,125
344,639,237
885,910,381
746,756,682
187,50,348
132,293,639
589,210,18
226,455,780
366,286,552
72,226,37
526,444,583
618,396,869
919,111,921
197,249,530
30,365,195
483,815,925
213,545,475
416,633,990
406,66,916
933,323,502
863,504,482
922,829,508
162,439,677
273,538,659
86,570,738
215,549,710
45,645,260
398,649,5
17,447,950
7,789,75
489,431,469
82,754,276
772,656,552
309,653,998
924,917,220
586,398,967
951,869,163
319,712,750
351,137,137
685,455,492
816,17,755
275,932,956
503,316,234
182,1000,188
447,480,680
843,558,759
567,437,158
209,433,47
317,463,473
815,968,730
80,409,730
595,458,437
406,580,179
518,206,681
865,508,388
941,660,429
29,16,222
237,722,501
1000,541,904
553,359,715
450,275,474
665,376,705
981,412,296
403,839,179
974,414,842
787,784,909
185,594,100
300,41,683
608,741,177
333,677,827
886,74,403
11,819,123
823,157,16
879,439,425
647,275,691
430,273,395
7,302,592
138,119,656
429,137,748
776,35,202
371,732,75
806,320,126
864,87,130
950,520,464
688,631,614
24,552,279
808,506,124
887,285,272
937,776,860
663,911,116
600,294,399
238,206,443
919,636,350
434,530,245
522,696,244
585,709,520
292,555,794
222,575,681
322,388,889
364,599,150
926,597,761
603,356,341
702,860,128
846,831,110
109,696,843
394,641,1000
323,226,992
281,473,443
524,269,680
692,201,481
58,221,988
507,623,889
714,793,713
499,633,289
891,180,885
879,143,711
990,573,341
880,513,122
250,683,456
217,800,121
220,466,40
388,910,942
872,324,65
815,374,749
120,668,587
921,102,408
990,390,659
161,729,276
573,880,662
475,191,342
850,217,657
485,321,717
363,287,530
758,865,630
662,788,270
251,484,632
646,154,781
364,878,725
983,632,528
188,399,859
383,54,246
596,630,984
934,532,555
801,49,596
475,784,801
656,658,692
581,228,285
742,619,238
878,981,627
228,939,237
433,859,521
243,81,361
673,715,223
159,702,160
65,487,571
244,212,236
343,10,12
371,20,319
581,32,618
622,574,627
810,71,169
318,689,873
919,583,411
412,60,466
513,209,768
812,303,915
108,911,769
224,651,311
800,161,245
308,200,333
603,634,554
190,203,920
252,104,454
7,343,855
268,704,490
356,662,596
319,224,917
169,960,472
997,354,566
616,339,219
521,663,262
767,639,167
939,44,654
440,654,775
688,651,841
702,814,403
203,235,613
532,78,205
968,727,755
197,65,292
857,507,785
487,491,601
959,438,596
920,373,840
536,880,468
630,324,636
327,610,789
435,430,323
731,593,517
26,111,8
851,852,68
47,782,525
309,615,237
199,368,896
768,191,562
885,952,763
129,241,219
151,176,317
556,398,421
246,152,999
599,230,810
831,967,160
640,981,807
226,894,422
489,559,772
121,540,817
549,275,57
550,704,550
980,603,509
56,559,169
725,162,907
303,434,145
211,922,284
513,982,624
42,358,387
277,242,504
378,295,413
344,229,453
943,506,598
985,614,224
399,488,475
150,106,350
915,718,842
175,415,582
435,417,360
52,858,934
81,414,518
784,987,417
749,938,831
291,818,413
18,759,836
344,451,365
118,995,23
556,15,690
901,644,607
828,975,862
232,564,819
295,676,23
878,615,744
826,219,451
859,165,823
289,576,510
687,837,349
172,423,613
751,754,340
937,84,117
25,927,181
602,813,767
949,54,408
507,697,623
560,307,107
432,260,555
798,553,584
42,645,440
124,214,781
917,508,977
181,300,931
176,660,220
332,478,360
875,973,501
526,56,235
40,857,228
341,843,714
622,39,563
561,319,745
930,260,332
323,835,78
896,776,484
584,895,770
277,51,659
146,88,983
474,651,218
102,63,355
4,421,325
527,590,309
456,79,302
979,992,486
940,502,126
868,416,613
649,309,734
502,367,298
747,250,125
882,332,642
717,839,626
708,838,944
47,744,175
892,49,247
193,604,5
18,505,972
529,446,658
552,385,589
4,245,674
342,55,125
867,330,23
729,531,452
895,314,573
745,609,208
682,744,123
166,675,119
881,110,975
672,444,269
345,749,754
209,543,993
258,694,173
835,171,298
460,371,171
641,20,984
53,334,930
156,73,744
74,900,452
870,246,142
963,763,911
320,405,578
449,243,376
609,38,336
293,71,123
496,103,345
561,874,99
435,103,429
481,800,443
936,138,54
5,357,193
92,236,975
801,19,916
206,406,328
406,761,713
595,627,728
185,396,108
705,438,638
565,274,139
973,294,110
306,903,262
987,461,862
654,44,510
417,202,550
103,699,822
93,480,656
63,390,259
40,805,445
752,588,876
998,603,353
423,826,427
520,195,991
651,331,586
402,155,875
886,835,369
257,50,732
328,893,870
129,917,141
491,474,957
658,876,596
826,853,860
412,382,985
757,918,578
930,720,743
178,567,732
761,958,327
303,970,987
180,379,949
200,784,113
179,785,608
555,857,308
504,609,740
333,634,449
542,863,394
669,942,763
989,584,282
992,645,242
318,263,834
93,740,555
74,614,754
726,529,336
164,13,360
633,38,999
586,295,963
184,958,282
380,426,995
251,973,347
286,639,694
346,135,397
541,41,79
918,36,407
764,329,495
87,795,635
852,864,351
42,347,146
534,147,922
603,254,922
770,438,147
344,585,766
262,743,283
247,448,161
405,358,281
776,332,696
721,666,270
830,237,278
875,340,698
43,615,869
709,583,850
299,377,70
699,724,752
749,128,667
764,204,477
914,415,754
531,658,627
651,780,905
296,929,628
596,328,417
652,364,288
820,416,645
32,78,849
143,796,901
482,885,428
952,238,428
389,785,44
829,24,316
597,146,491
998,824,31
592,598,69
651,522,682
298,256,736
722,162,217
587,830,202
220,808,697
903,784,954
189,272,238
56,780,662
86,199,191
403,456,289
931,213,562
438,388,826
979,6,464
120,434,618
412,310,313
300,326,374
688,97,41
517,682,259
202,625,385
737,147,122
553,393,730
507,355,160
164,756,227
503,819,898
268,110,775
688,332,594
189,701,728
300,469,335
32,128,960
457,148,45
354,983,385
1000,490,764
786,29,7
923,933,133
646,924,951
297,818,647
928,147,602
25,358,12
443,812,659
317,427,368
732,267,92
507,830,478
205,47,944
761,156,74
130,377,812
160,819,2
739,283,961
476,271,243
827,403,353
736,538,664
446,65,6
40,575,514
748,895,175
958,932,616
531,177,179
19,646,434
192,134,64
641,686,632
111,42,107
752,740,295
56,320,810
144,797,464
142,934,519
672,97,372
633,646,63
605,945,787
208,913,683
57,129,922
210,97,451
526,574,659
999,760,26
89,1,396
351,934,367
31,884,261
913,775,881
820,144,627
413,629,746
501,313,917
664,886,238
839,324,461
861,355,251
916,965,312
307,228,24
553,255,850
172,636,507
612,113,467
627,341,875
530,363,31
169,477,401
872,786,159
592,455,102
666,538,88
469,732,328
357,111,205
982,621,177
483,193,443
146,619,571
634,444,286
250,216,430
452,674,53
282,853,916
931,307,138
199,132,955
884,811,730
344,476,842
815,519,838
347,414,840
377,753,454
298,219,607
480,370,744
2,93,962
664,550,15
599,435,600
42,551,578
291,55,972
710,622,768
671,135,455
889,288,973
65,331,351
618,177,230
663,285,880
871,303,560
333,345,671
294,150,260
930,260,364
629,102,269
175,925,933
756,248,617
663,870,157
737,195,569
880,63,149
814,19,686
502,347,863
849,326,5
129,108,983
597,677,231
851,723,753
469,699,545
385,595,325
953,717,739
717,449,951
208,569,70
295,575,490
942,614,412
427,612,792
277,585,575
10,913,570
243,634,678
916,35,414
181,575,502
475,983,532
412,68,290
898,452,911
533,549,430
557,67,58
476,598,551
430,295,710
605,48,453
711,785,287
925,652,438
628,872,227
151,441,84
836,971,606
980,69,633
443,278,312
546,642,165
615,927,11
879,608,343
735,618,769
82,59,643
304,239,422
726,180,974
421,151,72
858,114,419
669,514,263
108,712,491
49,182,563
169,392,125
797,631,784
53,376,268
623,822,228
770,581,825
82,991,435
281,183,985
884,132,445
734,591,190
361,369,289
961,203,707
912,795,800
159,134,783
747,742,419
524,16,292
529,126,131
46,210,993
697,949,258
599,892,353
658,693,833
970,616,583
869,685,362
631,550,229
516,624,904
581,165,988
579,288,755
385,371,840
868,524,374
864,174,748
585,855,421
833,16,759
70,643,196
964,770,105
893,252,546
86,106,242
535,543,856
166,750,6
292,176,124
585,901,667
855,592,54
346,824,45
98,834,64
960,759,666
537,90,415
808,904,447
840,777,58
621,617,543
773,890,551
321,984,964
687,641,105
402,199,515
827,225,997
130,99,975
101,736,764
331,65,309
69,673,889
998,801,775
882,770,651
997,323,413
907,312,299
153,276,594
887,137,681
767,896,751
156,489,953
909,613,964
669,65,915
169,381,239
720,30,641
865,788,307
897,363,681
507,68,3
184,935,954
411,969,50
968,231,37
758,383,293
760,334,753
196,86,325
610,225,143
750,494,432
240,18,54
682,81,247
911,344,745
344,932,822
470,685,414
945,359,837
617,644,352
833,747,816
802,158,876
842,243,982
528,322,224
365,38,691
708,668,549
363,724,872
88,383,996
862,995,184
465,131,867
519,244,91
738,812,880
972,815,787
812,999,464
759,820,117
691,339,133
171,115,898
772,103,626
661,520,607
908,519,660
572,397,891
414,800,606
685,761,736
565,616,509
340,727,879
706,773,831
368,63,338
755,816,514
779,75,645
680,508,717
492,524,604
794,249,301
419,202,335
351,315,411
505,696,303
846,480,721
115,174,454
367,497,159
474,687,729
249,345,526
518,792,391
671,884,299
823,333,335
654,622,550
232,97,909
874,887,513
885,474,76
199,273,377
940,333,613
271,644,568
151,463,106
890,705,942
876,220,708
101,961,786
681,995,847
864,101,24
962,252,427
44,624,821
842,582,662
514,447,555
936,253,471
602,571,31
288,647,695
735,992,674
580,333,371
827,469,716
125,129,216
196,607,638
558,290,577
120,473,155
77,166,112
478,546,608
440,177,21
713,983,282
205,312,215
224,495,786
713,960,358
493,381,43
389,261,479
159,742,843
961,85,118
967,849,589
322,518,536
848,530,28
700,778,299
117,143,841
448,530,961
62,206,834
541,28,703
139,783,798
825,465,268
882,559,636
137,624,581
293,767,134
720,962,568
105,554,530
553,273,627
265,558,595
646,798,883
778,796,869
243,293,534
466,703,10
139,747,822
303,311,562
478,170,501
820,730,818
644,878,250
46,115,993
641,248,855
310,598,250
95,268,229
553,21,240
568,394,636
656,966,837
229,693,628
595,799,148
376,817,893
38,472,265
168,58,539
668,532,369
772,653,909
348,239,456
507,458,833
46,528,431
211,642,802
547,85,76
422,669,314
309,861,15
80,156,984
498,159,311
970,695,224
241,75,773
138,287,349
621,607,800
298,386,389
47,738,536
476,996,179
969,681,222
679,756,363
345,836,161
14,666,907
501,135,540
252,828,613
337,625,668
679,367,571
43,404,379
535,951,954
484,647,109
483,688,683
964,467,908
979,572,92
377,765,581
937,816,64
862,358,819
508,456,73
119,596,570
555,157,510
61,145,499
617,656,982
855,380,783
96,858,387
761,971,704
921,11,171
627,541,121
719,59,991
157,446,824
515,744,704
949,464,979
517,894,733
133,644,879
129,839,106
872,789,152
727,117,569
924,206,174
423,369,49
456,260,125
277,21,916
995,368,877
462,913,174
285,740,221
824,426,404
454,798,6
751,780,822
997,783,529
467,389,828
393,573,97
318,267,436
503,717,432
151,546,55
850,771,226
264,28,365
39,937,135
660,571,237
809,109,887
741,636,880
404,282,155
925,402,830
333,955,871
309,487,794
227,24,289
591,137,334
919,76,51
424,13,28
183,103,811
123,524,706
626,654,358
889,69,108
857,69,192
174,34,118
573,662,84
943,96,688
801,521,492
110,242,851
349,35,730
684,67,52
117,51,617
133,607,177
973,726,375
429,66,55
538,23,639
383,140,536
553,747,198
548,845,270
836,724,430
884,967,237
980,3,130
44,368,937
601,617,85
517,383,480
262,202,953
559,412,74
763,473,387
667,132,534
864,464,1
230,56,501
365,133,687
177,342,988
67,248,318
509,245,971
6,949,535
39,117,104
288,334,642
312,726,294
264,276,330
838,247,274
957,654,191
869,184,163
446,692,190
754,157,782
96,465,641
266,613,689
651,397,774
732,327,734
919,817,734
767,805,290
721,200,359
935,284,844
423,210,98
549,452,512
44,269,4
303,932,153
690,6,562
921,342,198
571,279,892
849,653,640
603,736,461
970,346,9
699,663,981
396,425,563
393,785,429
784,426,226
991,527,707
592,360,973
372,994,431
23,37,974
528,388,812
618,661,686
199,89,729
22,720,130
263,708,623
782,611,48
840,216,137
879,195,537
486,770,45
107,416,474
789,606,149
979,460,965
990,52,506
423,499,310
559,493,187
289,148,844
678,388,396
80,290,925
32,147,847
521,33,490
750,346,382
632,599,903
248,277,156
665,534,347
696,377,196
540,437,406
445,915,216
276,566,47
146,567,510
653,114,854
486,156,312
228,453,470
434,462,908
960,490,964
819,820,226
439,353,97
76,623,421
826,669,86
839,497,566
966,641,23
178,427,38
168,792,143
168,505,92
256,938,632
964,355,617
239,379,175
834,185,205
464,430,314
358,296,913
581,920,987
651,826,111
950,483,714
246,96,885
450,139,659
55,451,705
721,454,370
839,185,75
157,802,470
38,169,29
815,462,69
222,617,594
820,26,70
36,395,728
664,211,658
657,192,750
423,60,391
770,697,269
757,390,461
87,998,839
195,561,781
505,211,969
269,335,372
891,501,720
902,929,857
908,949,992
644,132,114
797,317,805
935,645,765
279,435,966
817,205,937
500,844,522
604,162,339
723,843,89
77,694,448
849,69,350
36,710,858
157,324,846
42,953,887
153,139,692
11,506,66
532,351,707
881,489,642
601,985,231
239,379,737
866,279,110
609,598,375
185,850,847
748,580,262
404,69,250
451,437,81
958,269,510
466,470,846
747,868,380
266,428,562
337,461,151
584,714,528
874,996,906
93,881,334
452,412,285
878,638,967
955,420,728
503,495,740
689,912,773
623,920,103
764,393,434
782,274,884
500,350,329
421,943,103
508,836,473
567,349,137
640,920,521
433,130,945
870,902,360
626,433,235
206,384,554
123,703,458
882,279,52
313,974,322
704,844,285
643,205,363
297,673,876
253,292,821
463,514,706
138,872,366
659,433,754
612,174,188
878,520,276
144,129,920
977,394,202
419,137,550
627,986,319
198,134,378
602,67,759
461,794,464
156,22,557
540,814,878
162,315,208
107,3,83
525,152,195
118,725,636
963,112,209
456,650,131
212,422,19
396,759,527
435,488,947
521,535,931
158,96,450
319,203,120
879,615,691
119,342,621
528,695,670
414,783,260
81,914,23
284,115,232
395,130,467
928,137,927
412,593,442
317,110,594
917,521,600
644,389,121
507,869,315
872,855,245
576,748,495
700,911,628
838,801,813
853,226,19
154,250,691
510,469,10
684,365,761
113,296,55
285,924,491
440,274,265
668,986,747
737,473,99
724,809,511
92,713,922
225,160,739
332,716,704
267,43,556
408,856,358
250,861,736
619,954,783
867,800,402
63,608,765
992,682,569
576,116,8
46,905,791
261,424,484
247,423,348
695,758,99
466,992,869
794,735,5
975,736,889
909,255,14
660,459,21
271,992,364
262,655,665
333,850,581
161,325,848
90,13,657
442,253,473
184,375,234
587,674,915
68,327,265
580,534,878
920,773,199
41,900,943
251,47,681
589,889,576
761,787,10
149,781,180
207,753,205
150,14,470
637,732,906
652,757,211
341,304,66
969,242,449
357,45,904
220,101,343
144,1000,189
303,272,27
13,513,233
84,292,275
425,993,307
705,769,51
502,449,508
172,466,123
946,588,35
506,927,743
273,893,186
247,155,923
717,518,668
259,71,846
965,36,52
560,44,722
946,280,295
864,357,241
85,840,926
79,803,160
139,381,437
855,700,145
585,876,663
230,129,453
473,353,110
119,529,945
598,439,932
691,718,576
763,502,623
617,753,899
295,700,32
533,899,646
268,607,358
434,229,625
199,444,940
758,415,969
14,960,353
821,948,602
611,750,240
179,344,480
743,258,565
4,31,967
851,864,329
514,675,255
745,693,408
435,308,804
987,1000,772
350,782,245
897,268,403
94,82,395
551,18,847
115,999,272
379,160,825
733,79,106
610,866,110
222,546,109
305,11,500
716,412,257
425,510,166
112,182,986
723,126,302
412,182,852
941,245,17
267,583,809
340,274,249
3,15,428
618,13,201
910,991,642
522,584,371
202,376,700
663,678,609
61,627,881
649,580,224
793,452,263
490,123,927
703,327,794
55,387,652
24,709,819
595,207,750
340,736,629
94,100,16
72,300,26
939,917,173
312,743,661
582,990,630
670,503,526
292,521,919
377,134,600
786,959,543
789,251,425
420,333,717
884,327,136
826,850,935
256,720,716
791,807,953
477,76,193
887,845,12
368,246,321
639,511,481
436,642,684
44,138,342
436,997,892
649,37,101
458,588,661
142,888,494
594,40,825
544,223,319
353,28,943
803,886,354
558,459,476
589,452,774
59,193,893
883,819,369
457,26,280
727,343,481
124,497,722
573,557,915
235,300,624
481,980,60
123,342,459
891,495,438
167,435,532
584,606,430
158,153,155
619,857,884
312,80,631
39,627,384
840,626,740
406,841,526
626,361,450
841,394,22
380,392,419
71,130,325
424,30,390
321,35,251
276,144,752
73,578,666
807,546,543
761,855,211
797,463,99
613,978,141
15,917,597
220,793,394
332,290,599
135,363,306
61,764,9
960,95,359
99,367,611
88,526,772
456,113,692
187,17,437
271,29,778
600,910,481
439,843,82
362,799,293
886,285,414
898,244,969
44,266,592
595,910,960
678,660,318
806,643,25
833,360,476
487,820,268
392,40,349
89,583,894
465,913,978
54,517,529
386,831,395
56,548,202
355,502,723
279,381,68
385,581,617
294,61,578
656,86,505
96,454,641
720,714,759
242,847,350
375,788,328
75,715,663
582,144,632
199,556,508
773,977,191
115,556,952
159,488,408
319,664,296
494,846,380
22,885,275
773,763,527
88,951,681
425,854,789
761,168,633
286,79,339
105,106,728
502,398,193
771,635,586
191,124,124
26,970,368
659,983,937
321,490,464
34,769,575
372,559,736
15,647,862
727,620,91
745,751,494
583,619,122
258,793,974
271,401,916
163,262,56
235,637,349
984,892,896
727,703,510
991,96,723
141,340,256
602,788,80
602,222,77
418,582,202
390,954,347
996,835,371
577,710,465
408,330,140
25,337,796
234,180,329
599,216,221
113,333,218
832,906,371
86,88,325
464,529,305
355,284,518
697,44,479
649,673,564
526,681,379
568,320,438
125,351,143
227,420,501
942,27,899
329,725,678
971,109,968
63,878,653
482,398,94
802,728,938
731,958,887
426,704,265
796,609,441
629,278,623
475,322,976
64,758,211
223,155,103
124,833,927
585,14,865
602,521,948
410,361,780
528,717,696
840,318,73
478,648,818
268,746,833
809,809,988
662,371,437
748,237,603
573,667,422
740,72,750
812,886,923
350,47,654
91,281,703
595,607,752
165,792,587
421,464,509
551,334,224
170,341,261
517,913,109
309,50,975
701,242,415
724,958,574
271,697,686
644,46,707
20,906,882
564,647,68
875,271,263
709,939,495
508,549,292
597,961,383
774,774,851
724,922,715
977,716,837
891,984,596
711,968,381
120,885,632
429,717,33
478,266,289
970,551,141
365,243,910
292,357,335
176,781,577
437,396,667
96,932,565
228,538,853
174,524,598
811,568,737
774,892,362
704,249,845
952,295,562
823,28,706
821,872,197
758,787,3
706,627,969
44,966,572
275,388,767
997,317,984
630,193,598
802,55,79
6,571,58
933,128,72
258,764,907
252,519,774
797,153,839
868,735,528
392,890,864
519,743,400
744,90,902
516,599,190
529,4,891
749,455,836
812,120,54
254,2,574
529,538,74
919,977,591
6,396,719
749,244,823
968,509,382
527,28,524
27,35,554
511,987,508
980,808,338
927,483,595
101,213,523
272,600,80
252,666,613
984,900,811
1,603,229
267,210,456
124,532,167
501,626,180
103,807,739
262,888,222
927,114,661
20,198,405
86,457,233
99,962,982
963,155,382
328,326,417
511,486,292
980,980,332
222,533,370
988,430,40
126,75,383
317,857,891
141,945,585
307,407,442
171,868,13
70,274,144
62,384,377
126,811,883
720,523,948
351,428,16
708,93,666
783,218,613
304,399,530
250,797,395
462,815,228
453,994,400
116,285,956
760,810,254
839,394,795
881,209,939
633,731,757
169,746,213
272,117,182
979,329,388
480,713,574
537,837,496
770,911,677
36,264,618
479,285,336
79,235,783
11,837,340
808,257,829
572,852,63
798,271,359
45,955,642
981,569,159
338,440,148
932,958,564
585,704,680
63,532,778
807,597,897
587,383,443
691,887,230
294,652,764
400,644,7
292,956,577
869,218,291
975,998,877
318,802,459
844,852,435
305,975,451
432,666,937
131,985,423
26,310,463
677,567,136
489,233,270
712,804,157
603,423,337
713,249,766
401,95,793
852,564,724
148,340,350
764,353,729
307,601,210
559,81,735
30,1000,839
579,910,809
143,745,378
856,864,955
451,194,126
166,992,587
352,450,173
571,426,799
22,932,61
418,341,718
659,197,491
535,464,22
179,504,261
546,164,736
189,650,837
359,140,6
361,116,882
974,981,923
587,326,447
259,841,437
386,690,374
357,228,68
38,403,996
261,642,325
303,163,564
659,351,527
477,271,692
554,66,493
390,796,307
956,616,131
404,884,255
705,784,693
91,375,349
344,879,6
540,983,876
607,998,403
612,544,48
41,897,174
355,624,576
515,980,788
942,659,980
602,542,816
869,69,911
691,898,716
927,276,188
196,253,214
442,199,159
524,794,136
512,660,706
106,734,27
237,320,854
192,783,989
960,303,96
223,769,197
646,374,767
606,586,782
955,365,529
626,824,483
375,847,954
570,104,290
463,704,670
821,30,466
702,988,143
880,8,197
847,787,973
601,616,535
512,514,293
854,357,611
670,538,612
49,316,449
395,909,898
712,353,51
756,884,490
827,931,547
210,23,757
563,154,55
970,321,328
629,365,913
681,358,267
861,592,919
346,22,900
240,846,710
232,757,82
393,357,657
535,613,477
740,161,719
51,86,724
159,771,133
147,933,178
914,349,798
940,117,331
575,866,188
187,369,205
268,130,829
797,145,537
647,628,984
642,688,33
80,619,908
400,644,211
457,752,660
115,880,928
478,341,532
802,453,31
73,812,788
773,127,171
395,231,387
559,281,124
403,723,619
322,312,584
173,834,870
26,971,24
459,668,328
204,48,728
37,485,393
968,931,818
731,543,350
167,969,385
429,142,277
635,427,586
212,83,886
433,362,287
658,564,390
931,902,199
643,969,489
31,133,668
902,129,547
497,286,632
878,240,55
360,315,728
537,18,340
736,477,563
265,320,131
82,37,625
158,574,953
698,576,117
489,892,385
827,709,267
142,17,277
333,656,573
480,723,771
714,898,360
824,421,185
146,92,956
170,836,784
440,914,909
926,497,299
44,841,873
537,71,823
299,549,660
146,63,80
960,958,427
426,407,351
544,357,617
379,630,945
206,63,527
120,232,790
418,550,777
129,479,35
500,225,912
261,201,15
134,217,229
739,888,856
957,899,456
390,650,320
604,1000,199
770,936,538
357,255,168
322,747,516
222,543,810
14,21,960
749,576,907
590,521,212
811,765,296
738,728,96
161,595,624
659,374,836
446,207,116
878,708,462
210,97,153
106,530,198
128,283,700
497,154,749
490,187,692
993,541,162
310,600,1000
929,934,833
575,648,734
716,639,135
880,10,426
435,997,90
476,358,98
224,423,917
389,881,734
819,854,714
734,155,718
49,738,654
757,643,369
370,597,473
341,490,537
240,639,315
268,419,104
604,734,956
284,539,504
732,625,808
851,114,356
654,544,483
174,573,741
39,592,907
574,953,353
4,683,213
10,181,935
782,276,599
340,178,989
814,364,354
816,461,377
388,447,522
41,481,440
275,356,425
367,909,529
503,263,917
24,551,169
769,379,294
58,791,397
265,845,20
469,161,127
22,188,948
446,1000,268
763,90,109
17,899,672
744,928,333
723,503,543
662,470,25
76,502,570
733,573,189
367,444,984
533,635,736
363,965,675
849,750,622
31,584,130
604,702,546
309,60,672
699,478,717
780,513,48
871,467,673
911,363,622
20,886,60
542,352,36
463,936,167
293,190,125
231,572,781
691,772,716
383,901,173
700,111,766
88,217,392
695,46,258
334,732,962
615,508,337
823,108,130
202,269,462
947,651,384
212,649,254
977,478,551
904,306,472
532,272,55
284,113,676
8,317,885
569,672,669
299,633,222
636,684,877
920,24,300
548,322,619
855,259,894
883,915,74
294,125,121
54,440,88
296,982,884
938,37,661
634,133,907
405,977,114
651,131,950
608,76,215
360,13,9
926,982,537
903,656,29
715,19,817
367,142,259
684,847,571
161,901,791
410,555,964
378,26,146
601,998,740
618,324,440
39,372,624
906,923,822
22,812,219
617,947,888
665,300,521
704,515,405
403,600,36
999,103,985
36,513,418
574,434,898
17,986,690
779,140,66
398,323,783
897,428,769
60,743,100
668,383,416
277,404,875
809,341,294
510,685,183
727,949,845
549,320,324
742,455,107
678,139,987
418,342,56
168,948,538
902,956,49
381,839,496
509,571,702
939,887,626
577,361,117
710,3,699
497,787,950
553,573,488
373,89,31
724,915,54
328,609,705
736,695,84
254,470,64
344,386,979
318,972,701
693,820,843
223,421,529
977,41,477
215,207,762
202,794,994
777,170,143
438,552,779
423,168,992
905,655,696
936,475,146
606,451,800
772,472,368
423,633,638
512,532,992
254,174,800
936,609,402
349,468,53
529,270,266
561,964,206
912,520,973
383,997,660
670,564,452
526,851,793
24,695,835
745,498,336
674,664,375
407,369,45
32,84,424
511,409,956
225,393,248
300,585,310
318,671,831
213,112,240
578,960,161
43,529,991
553,925,643
32,428,771
510,195,181
664,464,575
374,340,667
8,435,371
780,729,426
263,236,212
274,761,46
27,540,224
831,753,770
458,438,426
197,568,864
257,57,565
400,798,857
951,394,902
118,373,266
924,601,366
153,783,655
853,439,150
335,621,241
71,824,531
397,553,739
2,441,255
92,36,441
544,508,783
458,590,817
658,911,222
787,697,583
4,542,859
645,6,288
570,812,445
857,796,268
195,903,590
849,923,425
46,910,584
121,530,28
290,348,455
566,840,352
736,943,749
255,678,282
478,635,294
4,838,728
124,378,262
978,942,692
441,53,247
93,790,89
678,953,308
685,880,428
449,201,428
874,664,202
527,707,78
764,202,295
417,505,917
223,256,379
858,966,455
694,918,847
682,541,985
240,363,713
21,501,855
177,804,413
861,635,158
736,57,244
889,876,47
380,95,272
968,196,642
805,881,355
697,484,108
223,749,687
522,782,692
340,294,946
972,31,791
133,862,589
688,702,605
251,808,555
546,319,11
555,346,660
365,973,681
456,709,649
621,579,932
318,433,254
570,988,609
207,922,791
441,147,403
805,578,186
159,968,448
686,361,91
412,694,334
604,439,338
256,261,256
719,338,742
312,328,925
877,401,269
716,70,457
600,676,108
3,277,120
508,920,287
454,215,44
704,257,547
684,840,186
582,911,484
41,262,795
793,315,197
292,243,741
842,47,742
753,613,872
39,700,128
898,500,91
747,750,465
311,18,908
185,843,589
686,695,859
34,992,44
1000,262,846
84,461,542
955,124,37
649,50,778
39,971,533
949,127,274
455,30,103
330,738,709
87,60,657
360,793,299
363,220,267
707,472,660
79,536,459
911,424,104
698,150,910
384,785,656
465,585,183
75,767,959
862,306,359
359,703,624
797,946,393
663,501,955
355,188,379
619,954,829
19,510,160
363,944,985
154,141,697
411,433,874
921,901,783
981,720,885
541,51,817
930,313,429
573,652,675
395,855,814
943,576,78
846,80,194
286,185,724
441,220,5
217,693,795
297,74,558
783,71,796
171,258,623
52,306,139
215,774,229
44,215,87
623,973,168
729,363,72
688,210,514
508,598,135
251,738,933
12,414,882
287,448,905
969,656,695
614,284,887
35,59,602
838,815,678
377,360,426
257,420,105
320,942,707
142,287,260
282,692,896
711,489,161
143,815,678
511,578,849
814,88,396
43,385,637
209,151,491
525,715,15
248,780,682
900,815,839
511,959,416
904,392,445
686,399,148
897,453,927
400,973,603
769,756,202
816,945,662
948,847,667
478,858,186
562,816,945
268,94,334
864,524,56
120,340,343
136,495,480
200,233,665
953,997,560
39,898,951
279,401,26
802,776,21
703,412,546
219,816,405
841,149,588
311,966,557
720,87,677
102,362,223
3,587,241
513,764,179
710,298,332
577,626,656
196,580,264
277,948,101
414,440,245
786,488,720
388,897,730
334,963,866
592,17,592
691,365,144
565,802,320
457,2,704
867,777,430
46,493,941
84,214,838
569,171,25
411,595,841
884,458,423
932,777,210
682,716,234
978,297,550
494,693,902
394,385,752
953,909,753
704,769,936
11,589,35
578,395,305
891,710,568
882,98,647
157,234,186
545,630,756
441,940,374
157,37,128
446,413,855
126,263,981
29,425,199
534,974,228
371,450,799
985,97,489
753,9,807
243,519,979
636,990,604
211,693,616
311,77,649
578,774,126
539,819,892
940,212,173
577,463,235
103,144,340
740,66,106
265,874,991
441,45,12
859,445,78
834,529,350
453,226,932
788,200,735
180,454,749
37,726,226
700,500,27
762,260,953
840,193,601
363,603,558
296,652,261
908,947,166
728,930,127
740,938,226
583,798,334
238,398,336
726,371,377
945,579,930
711,886,196
939,945,41
357,414,420
779,699,213
609,975,441
929,650,925
903,17,801
190,825,809
259,67,420
303,554,83
45,438,770
315,324,165
283,299,260
344,284,681
339,755,605
641,584,923
256,983,207
139,827,896
93,600,513
221,521,686
575,520,886
226,624,317
974,252,872
633,215,759
242,263,345
682,392,570
553,197,233
307,223,919
382,405,673
789,689,552
977,900,203
161,393,836
965,703,691
234,593,185
540,194,76
968,894,686
626,240,572
749,540,282
392,841,255
962,756,891
510,224,34
535,400,114
929,971,374
669,414,497
624,417,802
190,669,984
851,46,114
629,925,845
904,150,520
726,625,778
213,458,448
940,203,327
22,152,981
848,260,703
594,907,301
995,371,717
398,672,336
844,638,289
961,710,429
136,974,755
668,834,608
233,238,80
63,729,852
164,574,124
415,791,812
949,311,949
784,339,328
108,921,204
268,413,138
806,699,157
163,22,950
436,656,150
231,542,209
613,924,306
608,916,894
8,111,987
926,322,521
573,669,751
373,890,60
33,958,178
995,286,365
28,944,360
168,484,155
790,74,500
392,38,53
519,395,130
139,805,731
608,834,70
688,753,201
537,767,604
250,665,760
10,568,505
367,45,84
751,828,420
940,928,666
581,965,610
935,979,195
661,732,821
350,862,488
387,157,322
975,717,727
896,267,662
372,848,423
855,748,772
926,791,322
522,473,65
594,438,394
110,505,580
106,635,168
146,402,390
915,68,350
735,250,982
743,947,950
110,460,745
9,453,689
793,416,864
674,46,278
938,3,109
345,994,705
148,394,940
220,576,465
761,753,834
120,454,692
419,668,636
371,101,971
826,895,300
317,324,32
170,309,988
205,508,548
360,919,94
871,744,306
768,429,971
37,30,545
932,64,778
939,487,867
757,215,855
700,13,569
655,802,772
476,299,192
90,640,960
81,703,585
172,213,285
685,299,829
370,110,96
401,408,734
479,164,214
567,335,672
924,355,552
832,211,511
306,627,744
141,188,24
13,51,707
904,410,883
730,808,740
200,524,526
642,797,113
675,834,116
415,896,25
161,804,172
702,902,499
485,429,373
381,554,896
982,866,120
307,757,546
335,312,118
333,422,416
549,273,206
888,406,255
636,543,577
222,724,193
837,425,410
389,423,666
497,127,567
268,109,840
313,596,172
340,386,134
974,312,583
566,430,586
566,81,670
115,435,365
448,72,702
419,61,4
541,667,548
721,757,872
983,885,796
431,504,617
170,678,589
521,835,688
933,977,826
298,189,300
713,865,881
684,682,952
686,141,501
359,637,636
295,300,89
294,828,656
944,927,857
180,334,58
94,232,281
16,843,528
656,654,967
148,343,309
552,527,791
561,234,565
965,579,593
176,8,210
26,453,883
447,646,856
764,651,785
281,421,399
799,409,938
187,173,717
765,680,308
10,322,467
413,923,864
776,23,128
434,622,681
297,111,329
793,987,942
594,91,968
153,269,975
504,198,503
79,316,953
299,893,543
656,703,552
35,920,476
656,554,659
355,844,225
654,578,504
22,390,48
504,688,523
758,361,307
449,230,802
810,417,793
26,155,284
388,232,513
794,457,450
60,281,808
811,105,20
832,175,575
827,788,551
377,774,695
839,514,942
770,64,294
800,117,709
341,208,540
932,898,405
4,888,898
606,629,527
13,160,144
915,50,557
363,7,920
19,856,778
794,162,882
599,402,682
342,280,289
570,602,241
246,947,515
861,331,289
283,529,780
501,295,961
573,395,10
563,622,929
231,163,1000
551,27,106
476,618,244
366,737,968
492,416,362
137,53,834
38,821,248
695,952,749
730,265,599
643,426,39
913,197,974
933,19,740
635,231,813
112,249,949
743,113,145
258,71,183
572,8,288
315,971,975
846,342,528
505,861,746
907,552,920
744,739,662
336,609,357
650,255,800
572,711,222
792,803,146
351,678,874
738,472,300
910,875,897
305,437,244
955,868,174
248,553,416
460,368,674
899,918,456
828,695,197
795,351,628
721,944,949
803,506,401
442,951,206
525,680,23
635,261,281
622,9,157
455,585,110
362,308,535
301,2,531
849,585,362
483,141,237
438,593,487
963,638,23
525,583,44
386,872,357
457,222,77
319,773,984
661,831,650
659,427,62
411,865,537
762,51,202
299,360,988
462,663,645
419,967,223
35,746,654
261,868,163
251,155,187
730,704,643
861,70,621
116,956,634
760,572,384
686,836,179
872,727,86
937,181,602
130,197,643
680,687,344
821,50,855
303,621,906
256,412,829
865,236,509
334,517,380
6,925,638
462,108,72
479,650,261
745,393,12
538,182,15
131,285,515
990,219,58
192,320,206
322,970,380
635,685,131
248,416,461
14,645,301
323,604,949
865,980,414
120,216,344
301,208,151
187,659,491
38,564,843
426,319,273
380,279,925
993,344,924
854,76,491
657,423,457
495,689,294
597,244,890
85,67,38
350,607,986
455,183,369
128,472,729
36,778,229
673,816,777
670,694,188
136,382,609
619,777,309
866,450,247
736,128,406
782,772,257
167,32,90
826,784,506
571,327,193
12,672,36
106,793,583
490,219,150
467,359,535
166,232,113
425,277,224
550,498,211
700,344,342
478,140,421
583,129,565
39,604,36
176,351,615
719,469,132
388,787,91
716,386,4
695,27,370
196,584,57
92,532,994
40,461,803
291,493,839
728,294,751
676,507,442
926,875,991
676,360,110
126,952,364
111,224,21
532,591,379
745,481,960
764,76,275
755,538,754
336,39,785
786,640,405
9,728,661
668,171,732
725,858,568
732,402,697
695,780,857
4,779,793
546,520,723
456,414,804
790,207,830
327,138,879
239,203,270
492,167,160
393,218,194
913,596,14
102,814,270
153,666,839
399,743,422
109,798,919
985,101,566
624,80,952
103,269,969
557,680,494
753,82,676
67,180,507
449,153,799
302,867,15
238,297,596
402,158,572
959,134,253
479,727,137
232,236,617
83,660,426
329,863,819
803,886,234
856,176,331
556,745,578
560,377,593
476,478,586
601,330,136
300,409,161
178,951,281
739,128,973
213,394,782
202,550,786
24,26,789
263,910,928
881,997,824
384,993,346
587,6,963
592,949,353
314,523,864
549,793,215
776,733,897
58,385,89
401,759,641
753,738,993
880,587,876
48,722,523
957,504,179
725,951,17
65,662,556
549,91,573
569,850,391
348,82,567
649,281,732
939,175,573
695,19,180
396,138,356
148,897,600
330,779,19
597,684,810
223,592,768
798,176,977
274,391,193
150,256,136
733,598,391
548,605,185
297,883,13
957,965,254
321,207,561
214,791,388
968,854,402
596,25,68
507,473,399
91,840,407
471,404,498
649,764,550
166,875,285
17,40,774
387,23,812
305,978,880
49,691,604
172,344,491
147,722,278
938,802,635
120,25,146
500,782,153
708,48,266
599,829,777
533,37,294
784,82,707
704,752,218
245,199,394
524,120,568
239,563,303
955,320,872
176,85,189
420,902,177
784,697,345
337,948,715
239,912,407
80,814,869
443,704,235
851,369,268
501,268,621
748,406,784
432,971,264
705,536,944
220,197,868
902,748,475
411,667,748
276,7,74
345,682,441
619,470,252
749,724,963
826,380,705
351,873,611
835,282,15
142,532,962
628,810,470
959,941,218
863,18,593
438,302,934
663,139,140
118,305,69
265,766,874
786,497,696
944,54,905
724,387,449
439,158,231
296,6,502
477,330,177
970,679,475
723,373,216
674,771,651
567,3,638
619,413,244
980,376,273
707,482,558
649,369,153
168,940,506
418,320,722
913,769,535
476,866,857
391,965,828
847,57,131
299,762,79
83,32,192
919,722,717
293,626,779
533,857,570
325,639,944
827,499,597
976,749,503
281,906,977
71,32,116
387,160,883
915,181,830
142,788,366
41,429,823
934,122,837
294,465,109
973,791,643
728,874,144
247,38,489
495,30,662
9,793,706
816,119,871
548,864,697
657,33,692
449,850,685
75,890,63
300,217,975
154,845,223
651,91,392
624,712,873
817,519,304
262,993,609
909,434,486
826,723,201
525,214,761
30,827,930
24,631,80
361,337,520
918,462,399
93,888,315
463,93,289
554,901,329
561,876,361
295,45,908
111,216,140
708,365,705
608,16,308
5,66,474
265,90,409
452,993,662
393,474,90
387,582,21
920,516,787
276,837,367
929,523,637
204,995,193
34,440,835
922,858,554
917,493,479
181,788,317
196,370,604
271,359,331
597,715,676
142,348,649
217,70,322
679,664,130
677,195,742
567,127,351
819,433,689
749,31,932
336,794,467
577,361,854
118,897,208
884,25,14
94,548,267
598,820,28
527,740,425
926,663,35
542,384,132
951,223,84
223,824,600
820,462,117
388,200,557
270,971,378
315,985,521
171,481,255
717,574,731
941,730,341
202,530,450
314,812,910
382,681,985
12,365,738
498,792,475
65,434,405
846,148,156
142,568,996
619,817,852
601,610,244
961,788,873
984,349,144
860,473,959
695,258,355
611,395,282
210,650,36
94,43,735
30,420,122
588,35,26
412,696,110
496,811,626
751,316,943
146,606,436
32,944,703
228,53,676
546,50,987
719,463,239
272,452,58
368,218,113
126,346,383
351,690,523
193,973,731
471,50,915
745,462,162
108,290,231
210,408,47
326,872,866
9,679,992
579,391,492
214,398,937
613,431,125
907,163,722
304,279,172
376,678,417
25,265,161
402,903,963
998,113,488
46,496,577
774,337,37
455,428,625
100,614,401
740,984,228
754,128,986
481,747,778
609,385,755
477,660,614
465,118,293
938,521,637
259,706,487
219,147,396
566,281,246
270,294,740
500,470,163
545,963,746
447,307,353
27,30,777
844,969,626
930,417,255
246,237,746
10,946,775
381,702,135
432,110,113
7,796,744
893,982,965
993,16,785
724,163,137
978,883,328
75,334,6
688,381,50
980,826,905
998,15,776
788,782,266
391,930,66
642,793,799
598,767,910
766,116,245
306,344,361
220,684,111
788,659,962
7,296,899
494,561,29
763,253,964
375,189,594
478,471,950
365,398,625
171,829,230
242,11,343
583,705,899
778,322,826
195,210,359
540,204,901
271,392,605
430,404,985
436,114,731
706,219,851
392,151,173
715,217,470
735,853,490
908,303,873
251,65,726
757,927,922
103,622,705
601,19,46
671,857,180
47,405,314
983,926,559
950,229,992
447,477,51
178,195,488
190,103,606
873,70,561
961,405,183
80,937,406
106,867,803
704,85,83
219,160,532
393,766,102
728,935,131
653,510,95
293,789,870
369,107,245
844,570,431
14,783,466
546,844,563
929,560,343
923,643,761
227,672,561
106,255,912
572,775,172
218,942,421
887,809,337
950,777,128
96,127,741
144,283,435
136,331,679
973,470,747
531,467,521
959,60,514
52,876,602
48,624,436
48,979,379
24,613,376
657,163,829
421,421,804
549,2,579
646,313,181
54,847,5
584,837,353
201,715,631
15,578,1
400,305,834
978,699,735
23,64,777
429,507,692
348,682,727
241,687,170
311,781,984
65,649,570
606,787,70
740,280,155
447,28,631
566,513,31
764,36,263
396,703,408
817,935,766
39,771,207
889,979,85
99,698,144
969,541,574
861,218,556
999,23,175
147,336,130
173,853,465
359,419,971
492,469,928
38,479,749
515,869,887
337,818,244
240,978,13
354,630,414
845,252,553
126,212,174
742,203,670
346,566,874
864,12,785
956,668,188
665,637,663
429,526,652
464,774,710
304,611,757
490,716,127
387,702,896
646,664,343
701,357,53
247,612,962
496,861,779
562,805,402
443,737,639
528,434,976
66,56,480
35,341,569
406,204,285
605,952,782
548,139,243
441,247,689
367,834,270
497,715,207
762,586,648
455,936,772
193,556,904
280,537,755
274,518,553
178,178,564
179,949,524
706,397,299
487,711,398
283,144,543
680,527,255
248,378,348
204,943,330
251,607,802
465,668,96
533,67,138
592,205,37
179,773,587
382,974,386
878,345,26
111,274,187
158,384,976
201,236,996
202,831,621
928,557,594
226,575,671
987,98,157
20,791,83
916,365,289
976,721,548
889,755,638
322,987,720
946,967,550
358,948,1000
122,639,603
749,976,253
976,644,83
512,134,957
764,905,603
397,429,947
152,885,423
591,667,83
149,161,779
77,611,108
768,977,415
213,445,691
728,637,582
632,218,207
931,580,862
626,456,571
692,187,463
724,88,74
161,592,239
437,134,251
18,808,467
176,527,933
825,885,407
361,317,306
920,138,852
917,845,628
856,32,818
511,959,86
931,574,104
509,38,83
532,816,109
263,392,542
1,640,498
963,302,494
82,918,834
355,461,858
296,236,242
708,212,89
166,987,873
954,278,443
491,524,27
598,39,276
293,675,897
699,436,526
513,148,958
920,241,116
166,630,30
104,649,147
69,21,706
364,285,640
171,522,484
675,624,676
214,141,534
58,455,626
821,654,995
557,447,246
674,811,321
76,11,633
664,121,23
655,398,418
263,719,745
53,90,556
604,145,159
683,455,120
610,74,231
714,223,64
960,225,515
825,990,810
340,855,13
327,200,529
892,774,999
137,753,725
457,98,105
914,296,638
946,494,210
485,230,182
811,346,685
728,550,541
181,530,752
196,233,691
982,393,829
183,570,944
442,507,156
529,586,982
201,367,648
944,238,695
880,634,427
235,289,52
153,438,141
11,693,72
142,596,922
725,33,168
741,733,392
950,889,744
749,785,149
701,940,225
15,361,270
950,446,662
982,790,750
969,689,232
727,322,331
645,316,25
1000,572,671
809,635,611
792,296,829
725,183,147
880,895,994
101,896,864
768,498,509
429,30,501
238,201,56
458,48,850
890,801,301
164,505,674
21,857,439
820,78,426
459,49,708
932,541,396
637,361,360
760,591,264
408,835,529
77,858,741
267,966,952
996,378,924
807,871,548
279,227,967
503,928,555
535,74,403
557,110,163
591,249,701
461,404,118
407,543,574
271,28,935
958,905,290
603,141,906
6,471,857
726,864,497
96,8,153
58,448,51
186,420,736
675,59,904
550,349,383
849,465,246
425,69,154
315,221,350
65,611,116
217,978,6
280,501,308
321,128,424
756,588,925
700,790,432
613,579,814
502,405,71
860,436,799
679,2,652
488,240,265
638,87,607
847,87,8
61,731,848
989,29,483
49,372,308
606,909,805
64,241,275
251,354,608
740,940,703
299,185,377
800,994,393
177,5,77
637,590,644
25,437,181
337,623,276
660,290,511
460,384,127
577,991,644
746,804,39
793,243,665
984,895,415
839,619,134
240,957,916
892,385,321
807,21,898
604,633,439
980,750,54
525,860,77
737,245,507
883,493,38
21,737,931
292,936,453
59,532,974
251,961,652
397,694,401
86,871,374
566,745,83
722,366,545
458,778,188
108,411,119
243,658,819
694,318,815
407,182,757
517,371,661
725,224,118
517,52,639
440,215,599
376,389,217
677,903,619
237,834,121
290,36,849
45,547,192
213,609,804
18,159,287
944,59,179
404,326,49
541,608,177
689,57,732
260,225,197
869,503,691
204,57,39
441,327,768
789,311,434
382,676,630
652,56,338
967,342,175
200,27,781
6,597,400
95,885,742
820,937,913
701,534,697
449,182,386
467,47,848
910,420,497
841,456,689
516,272,795
193,225,692
710,955,711
25,850,414
9,580,171
416,472,75
851,511,966
465,595,813
213,909,185
996,640,519
211,570,554
984,835,483
390,388,379
14,37,752
255,412,699
608,361,753
159,473,106
532,96,942
660,246,613
350,519,168
501,107,154
585,501,294
60,424,926
709,59,938
424,576,1
311,787,331
167,91,925
813,44,926
821,360,657
258,250,715
203,356,358
151,829,674
862,524,176
280,354,942
238,694,123
956,647,431
346,355,226
600,866,242
749,567,774
770,40,22
916,156,575
754,504,7
11,670,898
344,544,934
826,541,656
962,797,416
693,329,921
94,226,347
203,596,713
891,502,622
600,4,709
24,548,1000
788,507,319
838,859,369
108,583,635
935,891,230
253,997,327
459,306,394
565,293,413
353,108,787
892,493,205
644,535,552
595,718,41
100,96,155
972,731,665
699,34,214
795,463,509
751,76,799
681,404,500
75,205,247
878,113,292
132,285,11
273,724,768
380,707,619
904,805,230
589,787,306
574,401,309
200,36,750
819,652,242
19,632,200
549,971,5
578,995,335
815,829,487
307,681,620
477,193,745
212,135,68
447,121,336
242,460,778
451,558,144
114,977,620
16,566,11
78,374,657
621,791,180
192,534,869
723,670,95
879,985,583
337,663,643
930,111,516
710,350,841
65,106,791
126,419,282
689,12,357
987,369,599
989,608,755
959,618,833
509,815,642
340,559,335
398,292,492
347,627,370
492,141,387
356,962,447
22,310,730
166,163,374
357,481,35
721,214,712
565,203,470
37,702,304
384,158,365
396,225,980
280,182,549
319,454,726
79,510,22
44,93,162
350,936,907
104,992,636
554,793,485
266,530,726
683,170,939
285,820,312
64,997,589
215,1,130
170,926,178
162,838,880
209,651,535
577,312,752
881,726,904
111,658,1000
536,942,349
897,939,623
705,523,317
537,963,15
206,500,340
624,361,659
107,333,693
472,714,637
329,429,965
963,36,706
491,2,635
24,319,691
813,413,809
840,448,174
660,14,894
389,761,737
473,972,797
884,94,485
952,813,455
71,283,573
642,925,93
397,273,961
167,221,298
106,644,525
558,908,434
312,376,801
529,170,690
746,250,558
564,176,10
719,616,714
378,516,982
226,653,133
66,958,130
656,515,810
547,697,895
830,722,163
170,497,659
668,787,104
174,150,542
634,116,869
304,661,752
37,865,971
959,140,393
233,451,975
764,772,422
937,921,807
815,652,96
285,769,327
173,948,489
861,285,360
344,374,438
298,815,327
442,861,438
11,1,437
649,943,131
543,289,451
443,313,19
74,523,225
328,91,50
127,378,164
232,303,292
12,118,951
668,124,284
384,906,880
771,107,491
484,638,845
321,557,264
211,314,736
438,682,692
363,956,47
897,8,383
826,685,322
886,138,671
519,208,921
766,9,87
57,416,418
724,676,16
477,785,898
293,45,153
341,444,352
91,341,290
488,80,791
418,318,907
745,137,147
3,561,355
376,510,540
1,108,790
954,838,907
464,827,883
893,150,147
403,504,959
318,832,888
966,190,242
220,736,687
408,89,521
733,475,269
593,661,592
874,314,610
856,213,282
50,375,45
747,89,693
580,988,349
345,244,538
220,114,949
680,119,619
305,181,472
788,1,356
921,395,100
429,683,997
629,51,810
781,652,897
770,233,422
508,489,639
702,104,569
39,512,423
206,991,259
57,359,758
10,493,418
866,3,18
566,180,705
279,563,38
694,519,1
266,60,45
699,428,803
258,718,616
664,829,708
746,740,448
725,843,739
608,75,437
64,104,362
465,528,901
763,423,335
713,276,884
782,683,250
622,821,72
178,516,360
710,402,997
300,361,4
248,236,763
338,204,314
563,786,979
48,841,389
809,38,627
931,40,791
115,983,745
911,898,316
416,692,175
307,100,889
248,411,453
376,778,915
573,837,111
967,116,67
23,244,838
301,791,425
104,474,233
292,518,791
587,224,718
697,238,852
844,604,297
355,440,188
306,135,155
745,129,470
430,47,832
984,639,672
233,845,785
439,706,956
603,200,331
186,332,891
190,892,286
500,529,126
185,306,60
755,547,846
864,348,818
62,430,666
467,740,859
425,275,584
869,988,816
245,206,573
403,611,924
550,356,870
440,606,136
508,427,124
212,704,181
133,58,27
435,489,625
573,537,1000
250,713,80
849,363,347
136,509,400
975,179,418
901,808,765
526,874,224
810,581,350
219,522,4
715,236,390
194,466,371
188,889,760
388,58,846
697,556,605
8,474,189
652,932,531
605,668,930
39,311,269
717,448,773
473,976,767
19,989,953
44,392,971
838,469,545
30,565,667
360,307,829
449,265,375
493,260,561
862,743,232
472,544,681
757,486,316
660,126,675
897,710,434
824,533,541
853,194,780
680,530,78
766,219,896
793,364,436
26,499,58
988,641,236
804,20,550
112,55,245
295,726,891
776,740,566
372,256,946
522,565,15
458,682,496
615,810,22
905,818,420
764,67,309
108,636,857
602,712,144
935,194,527
684,857,934
599,577,418
568,675,647
593,441,196
55,421,397
609,901,702
805,579,928
940,153,640
506,973,585
16,210,130
201,96,783
495,672,1000
648,480,267
755,507,757
24,164,130
682,519,317
310,607,966
996,472,671
84,946,18
343,726,970
172,662,188
51,424,577
265,974,617
439,486,465
112,607,785
422,426,911
611,298,4
824,627,627
283,187,495
758,298,528
997,220,231
236,913,529
918,948,422
55,305,544
382,3,990
304,619,947
545,695,36
697,848,919
84,229,47
918,275,532
476,689,896
324,791,291
198,107,373
561,781,849
528,409,175
915,397,765
626,932,974
707,662,138
17,547,706
747,251,504
863,96,384
945,200,317
468,689,256
793,236,369
574,13,768
669,835,275
398,899,67
492,484,448
434,748,197
892,897,180
975,263,52
399,796,845
646,812,262
879,636,134
129,268,70
283,994,241
637,978,254
697,451,286
951,657,439
813,901,782
869,323,345
233,697,804
661,600,772
182,366,708
53,911,172
787,617,848
776,516,757
347,584,916
85,356,18
535,783,39
550,416,783
221,163,95
408,488,920
466,172,700
62,346,654
254,595,454
953,288,907
626,750,169
20,731,481
309,897,327
434,725,963
899,653,111
110,693,510
134,696,943
66,826,345
398,718,247
158,964,349
170,690,217
776,71,519
403,957,522
926,249,474
814,161,928
773,677,244
819,843,293
588,61,395
151,557,549
533,678,925
197,215,216
929,93,32
161,770,580
920,205,395
556,74,919
805,144,843
449,337,947
519,228,810
716,193,678
629,276,431
840,175,723
832,937,325
267,935,463
569,514,515
625,424,393
401,657,818
556,678,414
774,394,422
56,262,739
87,224,777
874,416,407
510,771,470
174,432,255
684,143,609
130,973,641
139,959,574
607,64,188
808,468,617
988,429,381
803,67,456
855,228,305
473,75,71
252,898,222
731,427,761
331,875,371
792,832,432
667,119,497
374,955,935
784,950,976
768,594,205
816,195,186
880,115,142
511,585,46
379,226,303
181,678,473
960,9,778
910,487,700
441,596,908
531,579,987
497,174,683
693,238,729
64,321,856
618,608,621
165,962,299
787,990,241
635,43,637
442,73,673
969,84,893
844,548,902
310,721,699
581,834,877
787,589,978
556,637,189
322,905,498
512,817,327
266,9,232
513,725,330
445,222,817
525,144,610
336,866,269
865,698,136
760,721,457
161,479,609
133,342,702
553,993,217
778,426,224
952,624,536
295,882,31
116,180,654
103,798,196
677,796,879
293,75,758
449,949,189
575,120,486
2,751,605
98,500,429
674,499,459
832,520,815
886,849,956
698,562,531
205,828,694
874,702,481
296,986,734
875,586,511
35,70,707
225,83,777
621,112,500
470,4,605
397,879,116
848,7,765
783,408,281
143,340,670
725,182,12
562,581,981
762,551,592
646,452,678
196,831,862
435,457,498
818,176,342
615,694,296
118,508,639
767,3,18
387,564,4
174,419,280
711,35,889
170,441,987
663,999,20
720,76,612
326,778,125
897,481,520
572,36,311
710,961,985
536,259,478
464,398,362
869,391,30
722,666,379
630,942,925
790,584,28
513,819,845
773,987,517
110,497,319
836,778,425
389,160,44
313,242,266
999,682,552
179,842,645
515,466,553
840,721,485
668,930,327
901,607,186
967,687,386
215,916,824
45,636,115
295,569,250
513,430,582
801,156,797
223,34,447
303,185,423
869,586,728
150,76,336
775,886,102
477,397,745
206,485,850
465,782,622
598,260,993
250,931,990
512,869,716
738,69,138
70,31,836
176,7,938
279,817,961
524,927,969
145,147,370
560,787,184
194,307,272
941,396,869
56,102,804
250,83,595
148,62,407
551,528,585
24,291,344
294,560,230
632,936,661
389,435,586
724,302,39
703,662,102
627,72,644
745,16,727
121,266,705
356,978,958
987,105,177
184,586,431
746,283,200
650,618,691
313,527,929
612,933,434
45,761,461
43,139,313
191,685,612
330,85,79
946,346,108
712,870,122
945,725,253
776,420,636
127,245,774
806,11,215
608,906,675
707,389,55
766,800,444
507,236,453
242,421,135
607,248,725
518,896,222
273,244,631
107,687,820
675,135,494
534,392,467
763,835,301
330,209,402
546,714,268
217,34,94
52,208,696
775,974,546
455,900,148
631,819,503
262,621,996
236,564,51
233,768,497
200,336,121
780,943,106
238,858,879
768,716,862
374,895,887
230,74,522
759,850,143
378,768,61
723,292,23
242,742,871
82,464,202
684,781,963
355,300,310
762,446,23
948,105,929
162,539,313
687,403,368
478,971,246
220,67,739
678,609,24
791,810,946
930,264,711
403,596,333
658,953,653
921,932,119
965,819,427
601,618,787
803,103,2
247,528,850
653,136,718
469,369,772
296,619,183
382,558,624
920,291,896
817,360,141
258,658,789
613,725,102
506,874,390
899,124,979
786,627,618
937,377,165
919,103,660
266,930,974
475,534,455
426,938,288
960,651,961
613,819,490
463,258,211
38,384,988
939,691,364
521,757,3
924,871,971
95,948,614
556,180,492
364,988,340
219,947,188
905,964,308
690,797,537
697,133,517
514,567,945
825,603,404
405,21,552
253,887,774
913,996,401
429,609,431
280,708,452
942,220,444
532,908,579
70,338,887
273,341,152
720,140,368
712,896,222
333,118,438
999,305,260
400,897,548
610,781,716
599,561,534
181,415,848
40,828,566
350,115,764
1,544,163
910,183,803
575,41,721
880,222,969
799,743,337
120,430,808
587,648,782
339,38,885
614,566,574
853,770,671
783,289,712
976,235,572
682,517,969
404,218,137
850,687,578
431,410,935
681,966,802
768,554,243
654,716,522
21,961,827
353,494,124
937,231,378
429,264,635
996,856,531
131,864,257
912,396,519
437,456,165
553,403,848
478,965,297
329,37,739
74,286,911
611,559,805
772,887,666
449,131,370
706,254,671
134,61,365
230,872,379
419,404,318
918,740,159
216,82,257
657,936,482
82,48,415
265,577,119
231,556,282
365,222,52
346,330,899
893,432,288
418,608,387
757,965,404
118,121,872
417,328,620
957,425,316
863,83,845
521,21,228
680,753,196
658,990,687
703,194,638
709,111,312
883,999,174
732,502,591
511,868,446
590,670,553
880,238,949
679,961,375
479,44,924
817,297,52
697,673,528
157,919,433
725,860,549
95,888,668
895,613,908
868,216,173
161,800,241
451,788,429
62,362,95
386,737,520
675,107,751
426,287,652
135,499,423
166,953,364
41,443,967
669,637,901
84,551,321
677,853,78
159,955,492
316,153,355
5,223,184
85,970,791
941,241,289
283,559,182
236,975,353
782,229,930
694,862,517
907,363,480
62,171,772
327,103,293
353,718,91
26,725,143
420,683,515
124,723,49
233,110,513
691,650,140
344,147,343
231,741,751
819,201,14
36,844,906
212,877,530
185,313,266
764,189,184
720,303,251
808,932,556
828,842,589
830,9,36
884,141,728
421,788,666
72,337,709
922,805,892
957,895,581
337,509,796
426,831,702
210,921,847
600,195,228
840,18,484
620,233,865
523,66,321
398,223,941
361,502,536
221,568,354
11,409,584
118,780,661
310,593,304
648,154,611
56,17,255
175,491,166
245,98,887
736,218,121
851,669,886
179,359,119
424,163,5
509,980,646
757,812,973
129,251,617
822,774,728
313,365,80
314,156,939
92,364,888
956,377,466
524,823,769
525,372,373
650,836,77
769,481,146
97,338,249
105,294,834
718,210,675
452,748,248
62,313,994
556,55,976
826,544,741
185,592,913
439,39,758
731,740,649
138,115,793
856,79,582
501,351,646
915,822,154
464,936,237
855,491,522
251,920,529
575,463,90
781,329,241
783,200,683
475,800,51
775,230,871
354,7,488
55,270,717
561,709,879
469,544,59
287,725,62
360,137,858
562,645,684
225,50,398
186,322,320
783,320,152
959,50,204
348,63,900
354,783,135
522,127,232
408,863,307
755,92,252
605,469,502
679,78,696
863,767,285
351,962,790
932,914,435
130,229,295
835,277,362
852,164,664
552,985,490
522,851,992
730,699,877
980,735,293
643,237,501
445,988,555
960,809,849
170,776,252
578,487,260
985,876,575
11,184,228
972,404,47
587,951,561
445,176,879
105,934,223
139,349,5
15,187,693
815,248,645
352,433,335
892,512,507
860,658,150
189,341,98
693,496,45
401,830,908
962,923,608
928,957,636
414,967,416
167,107,568
36,119,245
530,479,512
508,995,218
475,613,274
182,47,327
255,196,272
697,828,517
67,737,152
58,569,426
312,967,92
54,588,419
802,41,420
147,42,463
735,158,843
519,481,923
330,201,787
108,873,826
977,461,623
883,132,307
472,628,680
924,490,172
190,801,462
632,563,813
219,171,734
435,816,129
272,961,844
63,817,66
121,899,127
301,136,598
58,288,327
649,497,193
465,459,354
534,327,334
784,252,330
141,699,707
679,169,452
293,764,337
416,455,761
703,820,428
820,872,524
680,910,839
277,717,446
149,372,978
958,787,991
573,758,166
299,173,938
615,933,417
404,676,568
373,318,513
76,188,44
156,199,76
56,820,183
556,99,948
239,750,642
769,630,510
773,816,380
943,988,722
929,106,541
652,928,121
807,78,359
693,291,835
931,159,259
75,711,887
602,133,174
36,490,722
151,848,253
515,668,540
478,337,431
239,295,756
883,850,331
322,59,274
586,268,734
51,412,282
495,26,419
789,857,256
429,691,464
544,342,838
632,961,780
368,328,89
623,750,355
22,826,223
583,54,63
899,673,6
101,493,681
424,873,653
615,290,682
874,49,735
880,433,766
359,193,816
312,758,316
400,686,342
808,39,12
82,257,54
381,25,757
153,973,858
695,799,775
846,556,624
470,625,382
124,932,699
705,281,771
520,77,955
992,871,475
234,12,737
891,105,685
27,777,29
976,171,401
695,847,364
981,16,472
989,275,534
445,394,768
519,714,520
998,471,797
613,802,886
227,302,302
487,492,4
896,860,602
306,827,272
306,998,924
585,170,124
965,266,682
354,497,987
593,431,416
231,557,570
96,405,645
55,977,861
637,16,518
899,23,792
840,76,231
724,912,771
526,603,525
578,771,50
210,60,797
728,54,106
265,242,520
499,358,165
650,790,641
808,914,843
652,50,335
428,713,847
641,364,788
696,799,590
647,348,400
277,257,653
384,134,36
861,436,577
905,112,938
704,641,432
707,205,303
962,276,720
931,593,298
849,827,544
115,442,432
190,403,154
693,432,731
456,714,734
161,443,750
594,222,833
200,994,707
323,195,902
524,807,832
69,684,335
908,220,34
665,553,556
264,495,965
764,985,334
871,383,936
866,165,973
608,777,580
218,985,113
809,210,786
423,237,237
320,902,770
671,630,417
902,274,943
381,342,477
749,714,767
90,162,849
981,128,905
263,980,994
637,191,789
102,335,639
68,394,798
92,367,4
659,80,281
523,215,231
835,778,81
858,469,145
907,338,326
147,887,287
593,240,896
787,504,346
656,496,941
674,28,823
193,302,437
210,943,979
156,321,371
672,598,678
32,515,211
229,775,142
32,488,736
511,162,774
382,710,203
913,284,971
378,728,503
77,99,406
194,609,138
591,205,182
368,583,400
350,341,339
404,835,578
422,750,528
950,563,217
563,774,214
203,600,885
335,507,656
664,146,396
995,889,773
25,418,52
302,865,388
169,722,760
656,810,703
635,889,325
457,564,670
477,442,166
639,124,475
409,777,477
6,507,216
381,297,167
946,254,508
829,365,938
405,947,452
15,868,865
963,124,845
342,842,964
200,372,269
305,597,413
657,675,203
44,747,182
200,602,264
190,307,523
846,989,733
899,531,409
820,303,813
999,390,634
782,784,207
963,504,42
119,728,427
108,521,600
80,351,463
781,652,88
615,903,55
987,96,623
352,731,843
852,870,817
310,466,719
169,578,531
984,50,95
31,548,551
593,243,308
417,47,753
53,667,454
999,693,476
701,118,181
499,858,821
378,284,965
566,119,225
837,899,909
7,823,112
809,882,362
194,714,69
580,332,425
826,994,403
291,835,414
200,903,992
290,158,153
599,310,624
760,6,860
30,115,725
622,979,568
418,669,763
672,371,960
302,347,278
300,213,582
729,430,923
474,468,70
904,149,165
936,520,69
442,591,11
755,669,12
619,223,735
378,203,507
444,342,879
649,488,227
569,26,885
2,699,346
720,362,27
949,766,45
33,531,957
578,11,700
428,639,351
9,19,632
636,323,83
773,152,189
453,717,996
626,961,653
848,176,57
670,976,737
344,490,113
341,683,167
482,290,491
764,885,410
828,703,922
741,551,675
318,674,709
611,104,519
711,198,788
843,539,965
858,467,885
934,109,998
5,487,938
725,267,644
215,238,912
48,963,454
65,788,49
326,241,785
397,655,73
696,711,286
882,471,668
182,933,247
627,90,45
127,943,211
880,581,89
442,480,267
605,862,884
526,894,924
89,635,774
16,604,914
269,858,934
636,630,535
410,453,523
483,827,770
348,514,216
177,369,59
855,127,327
252,207,368
720,893,189
240,470,320
800,224,403
546,382,618
800,533,457
952,982,996
17,838,899
806,750,367
726,580,832
352,743,785
834,172,864
217,938,39
224,609,544
689,404,4
618,511,509
377,891,793
182,39,182
49,710,621
463,592,809
832,435,593
577,950,762
315,887,398
758,978,809
108,206,796
124,12,259
487,129,154
339,599,545
799,981,34
689,164,361
343,701,256
895,384,816
952,511,102
702,424,339
458,300,281
990,279,459
715,221,618
896,813,29
406,1,607
326,894,176
852,343,921
200,269,352
986,734,817
553,795,627
668,838,984
576,442,654
742,987,699
955,733,952
752,885,191
993,350,798
393,459,748
541,717,80
834,409,789
286,597,589
140,475,636
837,888,385
644,175,896
869,1000,487
360,758,724
213,540,644
455,372,240
412,246,301
185,377,632
378,143,802
432,584,524
507,439,756
855,904,444
341,83,443
993,261,845
757,661,566
757,99,129
196,766,433
208,45,489
399,178,24
754,780,246
494,254,409
110,947,721
902,296,873
519,199,333
812,775,721
227,648,941
49,322,81
104,998,241
180,74,982
469,792,251
641,887,672
518,211,234
597,452,47
196,433,179
554,301,292
109,504,189
631,939,913
667,808,922
682,257,501
858,668,363
169,145,378
805,553,60
919,405,391
820,377,618
922,519,615
354,891,76
277,991,485
175,414,256
526,236,400
908,83,764
79,458,669
956,251,53
751,894,566
61,501,392
452,55,318
999,46,915
518,585,934
218,985,277
350,450,602
323,794,22
667,657,535
614,748,905
219,477,563
345,974,512
593,195,416
626,429,771
137,154,339
319,816,868
472,506,295
532,707,723
969,578,341
70,688,804
553,923,317
54,634,122
85,702,435
605,748,383
612,540,581
704,381,505
592,141,212
90,199,439
938,923,763
558,203,359
767,909,963
389,487,510
57,117,46
738,225,701
376,795,116
326,205,437
562,169,667
965,44,87
953,650,920
706,718,158
512,366,834
44,19,557
971,995,594
430,273,991
184,127,509
393,496,902
270,877,212
324,5,679
859,887,168
767,142,629
703,153,111
74,709,615
120,501,796
239,606,293
262,393,353
496,206,391
623,388,657
116,138,866
462,610,740
147,973,424
890,417,406
601,191,609
984,646,71
698,34,104
285,305,4
18,790,455
200,430,693
735,289,168
960,632,983
307,112,382
328,720,717
72,588,343
615,392,538
716,294,200
706,948,445
998,185,819
989,300,148
664,870,84
641,872,33
516,77,177
487,328,86
801,203,871
177,520,728
481,418,751
12,827,690
765,421,385
572,642,926
858,54,152
947,389,581
57,105,409
718,773,895
198,202,542
547,37,448
898,164,821
448,525,642
706,638,104
296,846,41
716,521,120
123,981,32
23,17,629
927,172,796
720,230,71
488,82,114
467,816,995
628,277,329
613,174,519
769,843,60
289,255,555
186,951,918
333,408,440
43,889,780
333,548,381
229,305,108
810,655,931
7,632,561
624,990,391
142,13,493
174,142,148
277,116,486
655,290,137
573,86,738
383,410,250
283,146,559
147,681,257
566,537,634
759,561,853
260,752,343
629,492,908
272,520,165
634,37,412
10,328,485
332,386,149
715,797,455
56,63,675
929,865,406
498,164,71
766,429,497
344,314,986
817,692,390
722,340,516
146,710,61
723,604,67
507,223,477
13,722,510
363,876,645
610,148,501
701,926,605
173,678,75
313,918,802
903,353,683
701,246,943
970,111,766
448,674,555
223,96,514
838,823,275
861,356,562
325,523,530
698,472,529
652,418,525
86,870,127
873,761,948
25,218,53
418,905,767
704,849,5
788,313,691
764,686,418
612,469,629
459,395,203
388,722,871
104,183,508
703,170,325
47,53,144
730,870,499
177,922,279
155,139,354
736,398,446
341,944,684
665,438,532
885,657,814
41,860,951
669,957,568
277,607,629
145,202,292
548,148,771
110,940,676
340,373,694
89,717,553
222,898,630
164,656,412
765,493,1000
928,41,411
203,451,146
536,155,624
455,994,879
601,449,716
669,140,377
993,320,14
835,933,656
635,351,360
915,859,499
314,189,11
484,554,675
806,368,167
844,763,534
40,468,620
859,509,463
380,415,17
104,757,363
851,398,997
181,189,588
803,144,503
224,738,562
655,269,289
640,353,691
154,302,102
88,263,490
145,93,878
516,716,727
102,621,861
449,863,946
547,102,618
881,580,801
536,420,946
153,448,156
655,922,998
234,728,875
834,504,175
462,777,620
389,216,652
429,473,939
10,239,920
922,303,995
212,52,308
532,7,172
791,622,606
990,229,897
356,925,784
214,210,543
503,235,261
900,754,192
726,154,446
13,650,182
237,190,184
78,555,868
302,780,544
255,62,784
23,423,35
776,990,324
314,565,502
382,366,188
251,586,735
751,517,754
593,357,354
519,308,764
186,55,492
72,192,377
5,224,545
375,897,94
720,593,645
672,53,792
332,651,294
397,701,935
878,727,539
528,966,207
955,649,617
592,813,684
95,782,729
916,937,950
43,631,935
966,550,912
881,3,885
638,574,179
919,296,418
298,970,484
115,11,981
236,771,30
897,651,225
890,298,998
600,449,59
261,59,854
101,114,125
975,971,715
74,504,949
97,794,19
804,545,888
414,786,843
325,643,461
432,800,227
120,481,822
163,341,668
477,606,529
811,876,450
432,279,444
837,502,691
419,707,713
529,935,876
159,228,955
402,311,797
603,133,92
809,765,353
863,126,870
80,637,844
620,779,344
289,266,117
278,248,757
213,166,734
538,216,706
217,786,33
591,597,373
689,380,654
224,569,757
967,361,473
477,861,963
647,823,85
760,811,715
585,900,654
847,181,666
438,869,881
844,216,493
1,980,258
625,488,905
822,777,644
120,920,63
456,380,391
978,232,580
219,912,737
415,81,153
243,407,886
120,577,348
47,620,705
960,507,326
855,248,683
944,5,926
206,482,258
145,703,483
510,484,748
967,513,156
328,497,104
230,203,973
401,880,552
507,939,692
240,282,667
3,153,75
714,442,12
742,656,719
164,875,181
571,559,219
376,53,472
678,309,538
954,235,291
120,543,204
855,291,665
190,323,172
553,28,83
502,546,330
432,417,758
447,848,218
200,404,82
672,391,367
535,83,377
973,629,574
506,469,937
931,410,925
83,320,302
698,606,473
257,507,269
498,340,889
747,176,941
659,351,531
196,47,421
783,352,385
991,988,464
45,680,715
914,949,630
108,250,717
608,436,402
710,423,155
980,350,279
70,469,987
160,245,179
95,604,299
752,401,637
90,330,415
60,420,471
404,505,798
771,15,641
905,872,324
783,801,366
870,633,752
748,782,957
858,423,563
649,857,393
313,738,955
912,148,920
790,158,7
205,930,755
576,632,414
906,157,314
201,849,541
684,920,196
965,127,755
703,826,159
960,795,111
558,818,477
381,276,516
984,608,723
780,779,401
769,329,585
303,940,731
584,452,521
780,274,829
282,142,737
709,335,649
729,788,953
855,440,231
98,574,667
691,10,702
788,722,526
16,490,645
570,575,517
553,324,605
282,492,416
715,895,634
136,668,325
50,193,1000
428,202,134
651,761,354
104,355,666
114,268,3
473,171,200
114,731,490
949,396,222
205,954,590
326,655,558
115,702,120
200,714,445
223,68,594
698,204,417
345,892,791
274,514,924
346,142,299
607,993,308
59,182,413
94,35,656
825,234,523
573,668,980
886,316,976
35,962,143
114,120,123
464,641,745
16,297,133
146,747,641
210,302,925
576,239,934
199,292,693
513,70,807
229,692,335
752,899,773
922,540,66
537,462,719
249,698,442
671,420,383
215,829,69
237,427,156
917,346,243
254,192,664
482,232,874
657,403,514
657,153,809
259,30,522
877,734,309
399,596,233
821,296,217
96,694,26
806,974,112
97,935,125
408,871,139
664,383,437
932,650,320
935,581,100
393,244,643
861,40,781
917,995,662
314,146,945
413,344,734
716,810,883
878,171,170
206,628,581
858,844,814
79,696,851
983,344,777
407,161,340
252,912,176
131,580,575
562,149,499
929,90,798
126,234,899
298,523,382
615,406,444
818,555,565
806,428,824
720,884,458
559,129,112
108,634,326
289,603,399
135,558,551
140,270,238
696,250,29
267,470,770
53,882,331
343,16,277
470,627,768
523,101,392
736,640,585
509,505,994
600,598,336
491,711,859
780,663,779
33,270,244
654,754,149
193,496,969
3,880,194
269,632,729
875,6,50
479,559,261
637,266,933
178,656,531
104,605,147
540,636,73
216,296,929
222,921,534
949,832,293
560,717,79
664,460,36
868,266,875
207,542,371
893,954,771
846,769,294
921,531,344
193,710,278
653,66,635
643,525,657
994,839,440
872,955,161
359,744,515
135,473,374
739,516,140
50,288,157
877,272,635
128,442,935
644,289,748
502,236,997
938,567,34
412,514,930
733,223,511
180,474,536
510,428,438
797,506,43
741,618,696
711,174,972
991,146,219
247,967,933
266,631,244
39,231,78
848,786,185
568,206,566
896,880,834
242,191,161
128,614,659
883,91,266
728,682,428
153,485,172
536,902,196
118,738,25
984,775,404
363,387,397
840,800,205
180,541,651
728,314,483
105,456,688
305,319,463
867,605,920
62,850,44
323,427,237
990,893,572
453,762,708
481,828,193
278,18,120
199,625,856
591,446,271
102,585,141
791,409,351
27,243,14
726,490,786
566,955,784
148,117,890
270,766,629
702,267,314
555,23,312
508,205,286
984,290,903
928,674,153
206,935,2
504,597,839
896,284,503
634,966,557
122,925,513
180,191,205
722,949,442
98,889,635
571,61,971
77,611,598
514,552,398
574,364,474
679,743,154
993,97,276
347,324,352
324,437,764
828,349,259
677,60,446
221,608,79
830,270,515
573,476,448
267,773,516
216,263,439
844,962,389
396,130,546
240,820,535
222,917,816
301,121,265
377,407,823
968,748,846
126,150,909
614,236,792
175,769,884
489,657,732
881,584,294
202,356,57
699,370,712
62,322,396
88,829,598
845,802,35
866,70,872
670,820,500
161,150,119
806,534,217
125,79,259
750,893,609
996,395,333
693,135,912
781,35,188
628,739,219
747,475,676
424,455,390
157,191,168
803,424,380
856,888,234
355,412,840
672,545,236
386,29,705
919,787,310
483,958,426
840,578,499
586,224,426
305,758,613
400,823,453
954,606,886
987,327,261
836,232,753
177,870,690
522,450,638
389,398,205
158,892,750
444,832,608
600,113,539
108,684,68
515,368,131
473,201,245
890,350,404
7,301,352
720,120,930
129,653,5
820,697,838
932,834,622
839,97,646
990,378,976
507,469,301
108,877,721
401,962,184
779,453,625
38,611,680
978,347,74
62,150,300
831,196,146
32,384,604
282,496,244
801,26,201
567,843,402
70,552,271
305,923,942
259,592,541
962,947,351
26,3,5
782,740,828
140,59,171
626,9,662
889,146,739
553,945,244
227,17,706
867,19,492
725,782,931
723,921,994
928,438,408
428,951,282
753,626,62
487,195,729
448,357,66
131,765,863
292,829,553
352,452,691
910,493,347
761,526,391
460,536,141
58,665,175
532,782,215
382,979,36
756,168,906
412,7,718
148,364,503
746,419,859
482,342,338
801,665,127
751,416,349
98,999,53
997,65,506
105,493,836
591,544,119
948,376,539
898,629,735
185,461,541
176,386,832
932,824,934
999,199,856
621,859,639
125,563,761
125,505,655
465,800,127
346,952,515
181,117,594
931,50,110
376,209,122
299,643,826
307,701,824
8,853,184
686,751,846
404,660,27
447,964,159
152,701,511
455,249,172
738,358,777
444,398,231
659,285,910
409,815,470
415,454,442
479,887,704
35,59,23
691,206,386
828,132,154
80,286,90
630,737,185
525,304,81
467,698,229
789,993,57
164,290,850
143,471,538
130,43,119
57,501,937
354,257,235
982,959,649
464,160,929
2,164,679
184,109,597
27,270,643
185,760,95
614,77,732
754,795,283
237,979,730
184,30,355
666,375,808
501,992,871
472,835,449
10,309,410
977,828,147
1,529,534
736,260,813
413,335,421
945,392,561
892,19,537
709,904,62
727,803,352
747,494,659
390,178,829
217,188,887
937,610,581
361,612,610
517,656,555
880,668,386
656,231,215
827,583,54
355,985,638
869,548,43
180,93,735
757,458,725
552,740,673
456,653,319
749,914,207
668,111,378
670,278,236
384,115,626
132,334,313
968,992,80
158,733,299
645,921,163
964,53,229
508,881,554
139,249,762
562,14,502
407,1,248
936,705,71
17,346,465
454,697,174
47,673,898
168,362,627
166,860,226
533,339,668
199,99,511
866,633,756
434,141,428
988,782,704
302,600,623
655,893,682
222,222,620
867,948,610
530,817,977
28,311,334
565,295,312
25,4,450
998,296,241
265,974,664
654,190,904
197,968,953
568,869,1000
581,768,591
524,335,655
268,195,276
12,934,257
800,435,340
229,821,515
450,658,803
656,468,894
896,967,92
891,194,621
658,206,9
944,892,175
602,152,567
318,752,574
499,682,476
14,596,779
491,176,8
297,769,323
957,333,428
761,614,41
77,197,872
23,72,779
623,984,220
660,135,591
107,909,416
255,985,67
800,510,688
261,882,452
419,457,297
319,141,487
475,381,986
114,911,867
23,702,210
42,862,116
299,97,142
62,843,60
760,158,915
848,630,829
299,784,222
615,920,724
270,739,884
890,740,733
785,737,134
805,180,557
340,214,282
85,440,420
404,92,607
170,856,24
56,301,408
970,526,379
838,241,898
404,313,302
10,674,578
635,652,28
878,512,692
37,762,678
369,936,651
908,822,206
997,743,190
794,430,865
174,260,348
451,632,222
706,25,332
660,265,432
607,249,965
848,972,496
344,995,729
794,183,870
529,774,826
106,100,66
643,916,31
139,486,392
104,610,906
212,3,226
185,467,108
361,120,677
470,76,44
489,592,175
324,607,472
117,392,198
927,804,313
236,135,738
919,274,640
236,918,300
97,881,946
398,908,244
271,537,601
386,800,791
121,991,160
527,424,452
129,344,31
974,144,484
217,178,391
970,479,961
828,436,902
349,502,681
590,829,163
499,665,331
867,302,302
327,677,119
143,779,208
105,264,399
34,835,118
405,203,295
46,949,938
127,198,885
415,63,136
414,558,632
154,371,262
535,322,205
816,570,474
135,71,797
969,584,40
482,281,55
143,500,427
564,694,266
287,678,198
77,854,209
121,738,532
148,851,246
677,651,830
729,704,52
939,127,254
447,289,593
53,454,350
648,520,756
165,950,393
350,549,164
815,265,928
149,865,395
608,873,130
348,949,149
103,523,25
992,904,189
173,778,521
824,968,402
254,620,636
433,300,263
522,427,458
96,881,707
919,830,619
308,654,567
924,233,26
128,176,664
147,135,398
782,425,272
285,819,434
369,774,369
357,751,328
511,665,201
129,851,298
341,590,103
46,417,969
574,579,610
861,836,25
542,547,224
976,262,834
101,602,736
505,106,124
606,863,597
101,786,460
75,368,203
987,910,107
573,8,458
156,748,73
903,232,264
886,902,96
109,854,978
489,165,153
267,686,97
642,804,144
985,988,297
113,326,259
279,925,155
318,788,58
61,302,968
840,928,864
119,401,530
167,993,604
853,259,716
106,23,641
69,277,795
498,377,291
669,955,740
359,423,104
144,269,387
991,872,114
332,57,63
375,960,186
681,393,541
870,830,829
412,49,986
994,858,478
281,175,372
335,276,951
660,224,640
706,523,947
966,433,473
218,784,932
659,202,519
795,43,591
658,537,643
896,125,571
796,822,467
998,325,441
824,440,344
556,622,970
618,186,53
968,423,202
223,107,200
781,655,600
12,673,970
924,396,601
299,889,920
224,487,237
615,293,696
982,872,183
130,815,82
401,994,449
9,976,709
331,612,613
553,961,786
260,993,963
47,298,615
879,717,575
306,97,893
533,457,980
165,254,855
285,943,858
100,458,752
490,216,46
7,179,261
302,855,509
142,84,131
314,740,50
407,448,149
59,231,152
795,917,624
759,761,878
98,998,459
543,798,494
266,20,170
85,382,779
334,598,186
591,954,316
484,963,609
400,122,938
611,57,556
969,932,196
413,987,783
561,305,763
579,524,927
378,626,44
712,548,876
333,926,576
209,161,196
302,551,869
996,679,491
614,331,245
538,828,65
111,178,210
149,131,28
349,723,157
326,974,169
988,513,725
324,325,394
128,316,895
4,573,689
142,111,553
220,979,191
131,332,332
161,665,347
528,244,97
62,53,871
265,306,580
96,601,522
792,124,18
774,371,62
557,465,951
944,539,159
748,202,838
601,355,980
515,386,189
649,270,153
119,642,922
253,218,614
143,89,638
525,29,238
199,682,666
748,100,849
210,993,872
460,786,671
774,19,84
906,782,616
313,422,394
435,629,758
384,834,91
808,677,511
376,372,361
946,27,635
990,544,640
599,506,630
904,714,850
554,774,876
212,860,687
443,775,169
699,577,889
621,526,524
555,891,786
94,533,288
165,866,858
940,394,426
779,193,55
421,630,457
212,520,943
275,401,313
294,656,375
622,20,663
106,378,873
337,699,352
903,952,910
396,318,607
817,523,739
877,753,370
250,435,576
843,301,161
316,595,233
400,257,986
513,722,521
11,264,840
512,704,762
561,578,237
250,150,298
629,929,440
603,862,678
263,282,638
288,249,592
637,254,49
769,392,634
173,315,606
125,317,719
772,353,115
27,557,694
594,406,23
227,36,463
309,71,610
371,963,418
91,706,704
930,693,362
670,799,517
795,967,755
502,493,839
873,263,10
807,237,997
37,911,679
305,35,847
120,96,791
678,128,343
667,659,363
413,80,10
968,232,928
43,990,428
807,841,352
738,335,789
959,808,728
372,109,507
130,509,870
114,901,599
47,721,1
611,508,746
377,119,388
762,954,209
352,877,314
245,832,492
584,488,603
269,732,362
524,186,12
571,139,914
960,317,289
509,205,862
102,453,189
832,145,447
834,441,185
158,605,125
356,612,380
828,688,136
818,911,203
359,396,426
464,895,652
897,351,525
107,277,584
172,961,272
162,781,91
325,199,695
844,196,417
479,691,353
523,504,12
570,568,991
511,900,350
696,902,154
568,920,557
893,420,887
629,480,215
171,289,755
469,389,467
345,808,391
473,560,647
334,74,690
561,648,544
509,949,54
93,937,887
412,541,450
998,457,760
366,382,675
400,14,173
874,367,103
940,1000,500
629,755,67
297,563,550
332,2,954
615,756,438
508,445,430
671,996,778
668,13,514
956,398,550
325,192,706
314,588,594
849,939,554
51,583,885
478,565,763
440,415,483
852,488,328
597,693,913
893,784,770
450,343,563
707,519,207
15,59,427
792,790,809
710,23,884
948,850,446
215,906,186
789,966,901
522,834,831
974,361,630
818,228,226
390,361,752
936,157,326
930,595,206
604,876,374
484,614,841
565,959,755
423,488,697
71,227,239
801,823,820
106,296,313
25,258,432
886,171,861
819,159,262
459,944,785
972,313,909
957,600,155
268,129,808
314,702,268
978,774,378
477,59,137
999,816,839
644,222,106
726,332,1
23,558,841
363,1000,382
734,245,608
275,779,455
42,249,353
467,271,578
964,712,312
678,967,242
233,40,843
833,414,873
652,979,923
960,393,634
168,895,319
449,595,788
732,956,713
797,573,416
914,378,621
292,483,368
259,821,768
702,84,250
219,712,893
380,331,558
988,371,279
522,916,730
519,732,16
754,98,392
350,691,241
239,885,478
742,584,620
687,668,912
785,305,170
846,373,312
112,552,513
829,749,724
539,863,984
815,348,277
2,993,733
937,788,431
146,48,793
304,380,837
482,951,547
832,126,397
184,57,992
518,354,377
241,123,914
106,385,154
930,206,394
754,571,382
564,437,290
599,366,961
464,757,235
646,560,744
462,720,59
691,754,497
35,567,782
462,95,395
995,271,530
356,713,429
385,580,572
500,259,108
691,340,613
377,854,707
404,333,750
8,58,85
346,497,293
189,313,495
298,575,383
934,993,656
555,32,623
381,290,794
43,261,775
925,515,530
968,93,481
242,477,907
597,992,506
864,170,321
274,769,514
223,173,385
154,698,849
969,236,440
504,496,454
221,112,404
93,64,525
859,541,24
841,684,304
274,900,477
142,282,265
401,346,547
324,641,493
941,829,333
43,585,339
902,406,291
340,866,113
958,234,848
545,570,205
723,649,482
458,598,472
975,42,252
851,793,348
507,28,177
945,644,39
793,404,569
857,838,137
366,273,914
781,649,59
804,561,273
443,447,297
910,918,51
936,404,800
781,599,744
682,852,424
740,980,948
148,499,511
625,648,848
533,702,900
103,643,367
906,553,603
755,243,544
773,778,228
838,163,266
857,617,543
558,970,228
300,490,846
549,726,818
893,461,458
81,81,488
750,838,409
572,813,319
159,921,547
156,252,327
202,438,813
738,918,836
312,59,152
793,341,721
458,895,509
901,251,778
524,191,234
314,155,937
213,599,571
539,628,916
968,875,460
728,186,883
196,114,829
758,139,966
112,49,956
224,235,794
608,521,989
87,926,268
623,325,294
322,560,878
113,663,861
735,981,14
363,428,536
318,254,852
233,954,38
424,610,974
765,15,749
326,860,775
192,361,822
921,604,219
390,796,599
202,286,198
470,446,542
945,652,586
367,636,956
10,350,57
204,67,593
820,941,237
700,329,316
610,680,584
100,411,286
5,41,450
101,739,57
236,986,709
558,16,44
909,800,951
809,3,806
458,693,414
722,842,975
541,280,612
500,203,725
78,404,693
922,621,980
833,237,845
337,632,201
539,680,915
944,802,559
883,107,996
204,404,908
717,850,689
602,175,997
637,669,429
953,451,191
181,699,745
206,698,998
533,971,157
403,557,359
101,459,340
204,373,419
884,492,416
390,599,276
875,419,426
64,884,472
137,172,365
781,95,121
561,500,958
753,657,336
627,585,279
371,932,539
472,797,268
220,988,804
424,947,372
676,35,698
179,242,810
206,483,921
955,444,84
287,616,337
720,993,622
625,530,187
579,932,690
753,864,388
337,970,460
734,636,124
315,327,179
780,967,967
195,450,233
63,619,860
78,642,35
844,65,436
124,413,430
540,830,997
342,924,428
119,601,723
303,590,433
146,387,428
342,916,389
627,12,314
887,893,978
57,863,268
6,93,751
592,574,882
95,83,933
607,777,525
146,523,965
118,127,347
455,629,159
934,151,201
968,377,573
435,260,507
777,12,876
185,918,963
933,651,906
860,639,892
343,835,926
636,123,215
169,534,434
828,284,166
616,139,906
82,492,949
554,809,424
755,708,514
101,971,49
357,642,770
535,402,408
976,334,855
52,660,681
676,422,691
446,594,894
673,738,969
220,588,658
696,133,761
195,410,715
264,126,676
281,827,899
350,739,225
930,246,882
787,313,825
633,670,379
235,698,53
349,142,2
8,94,940
772,990,85
998,600,795
858,263,742
648,414,492
209,186,923
732,567,695
406,250,943
990,216,802
443,708,109
480,125,815
399,264,700
955,339,718
690,490,806
128,878,405
45,990,774
817,148,751
699,903,372
928,708,254
214,904,645
119,126,828
170,219,615
864,337,666
704,601,686
228,622,4
731,793,794
30,912,435
81,535,572
403,749,544
217,621,264
119,267,906
573,318,367
860,667,774
611,993,658
401,253,47
768,933,665
488,131,644
201,623,301
866,937,235
327,923,20
517,142,433
33,141,403
61,798,579
451,473,839
846,48,686
470,783,788
709,675,212
853,701,274
233,501,343
677,407,169
396,816,831
312,796,94
985,766,41
706,495,884
240,893,871
279,433,642
241,1000,191
244,501,473
51,911,241
104,520,929
3,489,911
894,171,622
836,672,658
773,454,68
640,628,852
924,338,957
10,969,138
646,684,634
991,553,132
608,291,613
381,43,638
89,328,620
882,315,299
302,576,194
528,802,81
965,532,628
618,946,665
884,286,218
644,154,112
212,271,97
729,583,201
283,930,913
124,614,324
360,600,985
583,954,821
779,791,792
256,978,919
601,712,881
153,65,996
555,723,503
518,38,290
87,433,22
803,295,742
54,34,424
789,813,545
614,689,674
742,32,429
840,440,147
666,303,512
517,697,930
694,999,19
783,418,730
86,528,30
666,217,145
80,270,960
985,81,980
588,323,943
242,182,230
146,485,141
224,372,649
859,75,631
104,991,277
857,778,325
324,318,471
443,657,465
789,467,308
327,731,141
287,312,645
130,451,675
927,438,983
608,775,243
916,260,137
80,655,629
199,879,277
610,523,593
742,928,722
908,870,359
560,199,927
968,888,743
850,795,230
264,532,421
737,737,977
789,12,341
328,634,343
979,289,438
818,368,46
333,360,613
712,549,407
503,145,182
611,866,523
61,982,325
749,898,987
117,187,646
762,835,552
159,713,669
468,638,213
811,46,839
839,688,815
913,163,545
646,943,738
595,558,144
318,434,881
862,643,106
721,459,653
434,722,218
146,220,923
76,286,343
837,360,894
989,652,344
599,670,110
834,437,846
612,861,82
43,112,875
994,999,333
265,350,818
252,548,647
362,474,666
791,190,513
155,16,646
483,260,56
946,827,936
114,15,217
101,460,646
196,397,540
318,461,591
953,311,89
869,577,473
721,982,128
861,637,586
865,305,788
571,936,468
721,498,394
376,921,838
226,866,584
105,766,163
873,455,917
484,85,767
727,303,205
864,780,298
701,241,182
664,833,919
462,144,544
681,972,113
657,513,589
93,17,607
200,614,27
802,334,452
345,419,531
646,690,991
180,872,602
310,917,707
186,175,660
730,46,629
532,970,742
910,35,765
334,554,878
870,226,241
723,879,613
55,164,750
742,897,533
428,113,782
950,46,492
356,746,764
218,953,138
782,742,163
674,271,275
87,747,808
505,776,349
566,787,431
617,146,508
851,774,301
545,620,939
829,819,753
359,378,465
427,958,876
896,608,192
144,275,652
365,656,880
335,928,512
803,60,276
931,888,571
33,60,423
899,378,885
536,135,561
365,226,676
205,906,804
783,77,961
494,733,192
769,320,708
278,933,709
453,457,1
300,790,832
1000,86,251
767,362,249
282,919,858
6,841,557
845,623,689
578,735,816
509,113,94
416,474,864
34,889,56
499,423,558
43,764,135
780,567,889
979,844,453
415,663,650
791,484,463
118,169,822
990,602,345
59,44,677
642,284,189
70,683,607
334,733,846
518,263,6
796,577,348
7,815,927
482,268,620
872,588,13
196,98,412
452,536,759
113,943,264
522,211,356
833,45,484
584,570,381
378,910,241
481,365,766
806,849,85
99,376,441
64,894,897
425,770,566
658,874,93
233,429,895
592,398,29
594,270,329
996,528,139
50,389,66
429,415,880
335,277,616
640,38,84
168,777,210
993,441,934
247,424,138
847,598,76
744,888,686
809,277,433
855,609,612
768,615,127
213,779,243
666,475,621
238,311,689
172,309,999
152,578,152
708,128,574
440,692,4
517,543,241
299,707,553
579,936,406
870,975,577
212,419,47
699,274,924
654,490,187
100,673,767
267,11,320
765,581,85
115,107,759
782,408,690
21,562,273
821,489,852
563,458,947
997,456,358
647,172,387
846,897,416
391,875,203
62,73,112
880,41,333
603,610,832
981,403,234
91,892,374
899,349,757
644,714,653
307,104,11
421,892,643
675,259,487
408,137,614
364,403,597
31,937,223
680,777,154
249,413,818
636,467,850
473,886,771
173,384,26
239,23,106
5,672,410
470,765,810
533,458,650
415,443,299
190,200,656
831,424,96
611,903,528
27,82,523
862,59,754
780,52,212
4,566,175
917,92,650
787,179,253
797,93,442
251,14,452
487,348,813
97,430,181
759,557,706
108,457,51
324,946,727
79,369,871
171,758,321
478,877,673
284,9,235
418,134,883
56,541,977
335,537,74
730,978,773
150,353,724
799,404,962
204,742,497
712,597,433
816,842,818
89,424,750
867,362,741
566,221,893
445,606,289
26,453,723
328,930,751
643,807,862
722,826,714
862,104,345
888,475,15
849,656,911
17,147,511
182,521,347
211,771,39
875,154,581
992,114,927
304,742,858
